;1975;1976;1977;1978;1979;1980;1981;1982;1983;1984;1985;1986;1987;1988;1989;1990;1991;1992;1993;1994;1995;1996;1997;1998;1999;2000;2001;2002;2003;2004;2005;2006;2007;2008;2009;2010;2011;2012;2013;2014;2015;2016;2017;2018;2019;2020;2021;2022;;;
OECD Americas;638.370;635.460;641.500;641.650;671.880;658.410;648.620;613.770;561.840;602.750;576.890;558.790;580.790;607.610;622.250;643.110;648.060;662.630;690.060;709.380;714.530;733.570;737.520;740.750;757.150;773.770;790.670;772.910;782.270;775.280;778.208;771.999;813.172;815.869;803.184;841.024;862.672;893.403;913.953;927.622;959.017;987.247;989.604;1.080.723;1.111.516;1.087.701;1.097.596;1.148.152;;;
Canada;48.460;48.890;51.280;51.770;52.560;52.230;50.680;53.670;51.180;56.810;57.980;57.830;57.040;62.690;67.910;66.790;67.520;71.740;76.830;78.760;80.180;85.270;83.770;84.920;83.040;83.030;85.250;86.060;92.150;90.210;98.031;96.648;96.618;95.538;93.892;94.432;100.851;100.704;104.210;104.510;104.027;123.746;133.063;138.296;138.954;133.021;137.805;143.011;;;
Chile;3.410;3.680;3.450;3.490;2.870;2.480;1.650;1.380;1.340;1.320;800;740;740;1.070;1.060;1.830;1.670;1.790;1.750;1.940;1.900;1.810;2.800;3.250;4.590;5.210;6.470;7.300;8.070;9.160;8.086;7.950;4.425;2.874;3.169;4.139;5.620;5.063;4.674;4.646;4.779;5.323;5.396;6.164;6.229;6.233;6.270;6.855;;;
Mexico;16.770;16.470;16.970;18.950;25.610;27.520;29.020;30.760;30.660;29.690;28.800;27.880;28.170;27.960;28.030;28.920;29.960;30.630;28.260;28.730;29.890;30.330;34.050;37.160;39.110;40.220;40.770;44.450;47.780;50.680;49.190;53.726;58.292;58.717;57.766;60.391;63.080;64.468;64.439;65.425;78.751;81.044;82.458;83.605;86.468;84.401;85.186;83.131;;;
United States;569.730;566.420;569.800;567.440;590.840;576.180;567.270;527.960;478.660;514.930;489.310;472.340;494.840;515.890;525.250;545.570;548.910;558.470;583.220;599.950;602.560;616.160;616.900;615.420;630.410;645.310;658.180;635.100;634.270;625.230;622.901;613.675;653.837;658.740;648.357;682.062;693.121;723.168;740.630;753.041;771.460;777.134;768.687;852.658;879.865;864.046;868.335;915.155;;;
OECD Europe;214.010;233.100;239.570;249.300;266.360;266.080;263.960;252.020;262.100;278.050;289.540;292.980;310.530;303.010;321.030;326.360;345.630;347.600;361.770;365.400;390.460;438.950;432.540;442.730;462.430;478.790;477.010;486.670;506.120;527.820;554.609;548.320;549.525;562.950;534.947;565.273;516.781;508.141;506.748;455.189;473.445;504.607;527.165;511.512;522.793;507.051;537.508;470.330;;;
Austria;4.240;4.920;4.820;5.180;5.190;4.810;4.670;4.200;3.620;5.260;5.360;5.200;5.280;5.240;5.660;6.580;6.630;6.620;6.880;6.980;8.220;8.280;7.450;7.810;7.860;7.890;8.400;8.800;9.090;9.140;10.070;9.410;8.787;8.853;8.684;9.616;9.448;9.004;8.531;7.752;8.334;8.746;9.494;8.982;9.267;8.823;9.344;8.151;;;
Belgium;11.430;12.160;11.930;11.570;12.650;11.920;11.000;9.200;9.240;9.400;9.140;8.530;9.440;8.640;9.800;9.630;10.850;11.760;11.860;11.560;12.740;15.600;14.300;15.320;16.120;15.950;15.620;15.100;16.000;16.400;14.827;15.116;14.744;14.612;16.872;19.530;17.193;17.861;17.742;15.558;16.778;17.019;17.788;18.325;18.484;18.276;18.343;15.737;;;
France;20.150;22.350;23.190;25.880;27.110;28.440;29.310;26.640;29.810;28.880;31.060;29.970;30.750;28.520;30.230;32.230;34.630;36.090;34.080;35.390;37.050;38.630;37.590;38.260;42.470;43.510;42.700;43.270;42.780;45.410;47.388;44.893;44.242;45.853;44.998;49.776;41.519;42.586;43.314;36.279;38.788;42.699;42.874;40.861;41.614;38.562;40.866;36.963;;;
Germany;51.820;54.810;58.200;61.310;67.800;72.310;70.150;63.400;66.530;70.430;67.460;66.300;72.140;71.320;76.010;75.200;76.120;77.060;80.300;82.220;85.490;96.800;93.870;91.870;93.580;91.890;94.730;96.030;94.910;97.650;101.754;99.848;96.167;95.752;96.266;88.863;79.774;82.277;90.923;77.611;81.292;89.133;92.473;85.316;91.792;89.292;93.627;79.259;;;
Italy;23.330;27.460;26.680;27.880;28.150;26.900;28.170;28.070;27.770;32.600;33.690;36.210;40.050;41.570;45.530;48.230;51.030;52.680;52.490;50.230;55.390;57.540;58.610;61.630;67.040;74.400;70.300;72.820;75.940;80.590;86.273;84.423;84.913;85.448;78.126;82.983;77.832;74.925;70.057;61.912;67.524;70.914;75.150;72.667;74.316;70.920;76.108;68.546;;;
Netherlands;43.530;45.770;45.240;43.820;42.470;36.610;33.870;33.120;34.810;37.150;40.750;41.600;43.730;39.900;40.200;39.820;44.420;43.580;44.570;42.550;43.350;48.480;47.620;48.850;44.370;43.730;41.390;42.120;44.300;44.640;49.484;48.076;46.595;50.262;48.598;53.192;47.735;45.820;46.520;40.277;40.139;42.032;43.457;43.041;44.912;44.067;42.278;32.996;;;
Poland;8.760;9.550;9.750;9.600;11.330;11.650;11.370;11.150;11.180;11.770;12.240;12.780;13.280;12.670;13.310;12.280;10.740;10.320;10.850;10.830;12.070;11.940;10.900;11.340;11.150;11.650;12.000;11.830;12.830;14.130;16.271;16.364;16.418;16.602;16.026;17.191;17.171;18.111;18.312;17.835;18.196;19.108;20.381;20.836;21.311;21.993;23.417;19.468;;;
Spain;1.030;1.420;1.280;1.340;1.580;1.870;2.140;2.240;2.390;2.260;2.700;2.850;3.210;4.180;5.410;5.780;6.780;6.990;6.730;7.490;8.820;9.400;12.630;13.810;16.030;17.300;19.340;21.440;23.950;27.370;33.998;34.769;36.281;40.267;35.742;35.821;33.555;32.496;29.908;27.094;27.861;28.558;31.007;30.925;35.399;31.738;33.581;32.341;;;
Turkey;0;0;0;0;0;0;0;0;0;40;70;460;780;1.180;3.170;3.470;4.230;4.640;5.210;5.470;7.150;8.360;9.980;10.730;13.030;14.940;16.130;17.890;21.530;22.530;27.474;31.185;36.599;36.647;35.066;38.119;44.713;45.254;45.640;48.829;47.829;46.471;53.598;49.542;44.995;48.232;59.653;51.040;;;
United Kingdom;37.190;39.480;42.140;43.630;48.220;48.120;48.690;48.510;50.250;52.110;56.500;57.990;59.900;57.100;55.380;56.890;61.990;61.190;69.090;71.990;76.160;90.000;85.320;86.980;92.280;95.520;92.850;95.690;95.100;99.500;97.980;94.848;96.349;98.438;90.495;98.281;82.215;78.091;77.361;70.809;72.174;81.236;79.562;80.870;79.321;73.336;76.271;71.028;;;
Others;12.530;15.180;16.340;19.090;21.860;23.450;24.590;25.490;26.500;28.150;30.570;31.090;31.970;32.690;36.330;36.250;38.210;36.670;39.710;40.690;44.020;53.920;54.270;56.130;58.500;62.010;63.550;61.680;69.690;70.460;69.090;69.388;68.430;70.216;64.074;71.901;65.626;61.716;58.440;51.233;54.530;58.691;61.381;60.147;61.382;61.812;64.020;54.801;;;
OECD Asia Pacific;14.290;17.420;21.100;26.800;30.870;36.040;37.710;39.710;40.560;51.240;55.540;58.130;61.400;65.150;67.920;72.010;75.820;80.410;81.720;88.640;93.100;100.280;107.240;108.780;115.590;123.070;128.620;132.100;139.680;139.020;142.464;147.583;161.245;166.174;163.741;185.071;203.099;216.255;223.639;228.133;222.264;224.420;226.158;233.235;236.515;235.610;224.230;224.654;;;
Australia;5.030;5.930;6.770;7.330;8.380;9.520;10.600;10.970;10.980;11.420;12.670;13.650;13.870;14.080;15.130;14.480;14.520;15.800;15.730;16.870;17.470;18.480;20.890;20.990;21.100;22.250;23.680;26.710;26.130;25.310;21.827;24.461;25.053;23.717;26.591;32.107;35.589;34.548;34.382;39.495;42.541;41.680;43.980;45.195;57.443;57.291;55.420;58.284;;;
Japan;8.880;10.550;12.870;18.070;21.480;24.890;24.970;25.650;27.470;37.110;39.430;40.250;41.540;44.000;45.690;49.900;52.770;54.880;55.200;59.010;61.170;64.010;66.030;68.650;71.660;74.940;76.650;75.220;82.610;79.100;84.975;86.114;95.955;100.375;94.676;100.285;112.356;124.820;125.081;127.682;123.080;122.321;121.377;121.905;114.172;112.087;97.543;95.748;;;
New Zealand;320;880;1.400;1.340;950;1.340;1.770;2.930;2.050;2.650;3.390;4.040;3.980;4.360;4.400;4.510;4.860;5.120;4.960;4.830;4.910;4.820;4.590;4.810;5.300;6.110;6.450;6.150;4.690;4.220;4.130;3.970;4.399;4.229;4.381;4.670;4.284;4.708;4.784;5.257;5.000;5.049;5.068;4.547;4.533;4.461;3.814;3.706;;;
South Korea;0;0;0;0;0;0;0;0;0;0;0;150;1.960;2.670;2.660;3.080;3.630;4.580;5.800;7.900;9.530;12.950;15.710;14.310;17.520;19.760;21.830;24.010;26.230;29.890;29.849;30.686;33.246;34.402;34.089;42.694;45.900;49.628;52.264;47.587;42.979;45.530;45.185;52.012;50.743;51.751;57.013;56.476;;;
Others;60;60;60;60;60;290;370;160;60;60;50;40;50;40;40;40;40;30;30;30;20;20;20;20;10;10;10;10;20;500;1.683;2.352;2.592;3.451;4.004;5.315;4.970;2.551;7.128;8.112;8.664;9.840;10.548;9.576;9.624;10.020;10.440;10.440;;;
China;8.820;9.810;12.120;13.730;14.520;14.270;12.740;11.930;12.210;12.430;12.930;13.320;13.440;13.900;14.300;14.400;14.900;15.190;15.810;16.670;17.030;18.990;21.200;22.190;24.190;27.100;30.300;32.630;34.130;40.980;49.950;59.550;71.770;80.540;89.590;109.030;132.950;147.660;168.490;184.510;190.150;205.500;236.020;276.080;299.610;322.420;363.920;358.336;;;
India;1.000;1.520;1.640;1.730;1.750;1.670;1.850;2.520;2.990;3.240;3.780;5.890;7.530;8.410;10.730;10.590;12.710;15.320;15.060;16.810;17.770;19.720;20.300;21.540;21.300;20.350;20.070;26.080;30.200;33.500;36.950;38.790;41.360;42.900;53.310;64.490;64.010;59.620;52.500;51.800;50.450;56.480;58.490;61.200;62.570;61.600;63.400;60.743;;;
Other Asia;11.790;13.570;17.000;18.270;21.360;23.410;23.600;25.950;30.520;34.250;38.730;39.020;42.490;45.350;49.620;50.200;58.770;62.830;70.300;78.620;86.560;96.840;102.580;101.980;109.980;116.100;124.890;141.320;154.050;161.770;177.960;187.280;190.430;200.520;205.920;221.050;219.450;233.540;238.830;244.280;248.600;250.800;254.640;260.550;266.730;251.220;258.510;259.505;;;
Bangladesh;670;860;910;940;1.030;1.300;1.570;1.940;3.300;2.540;2.840;3.240;3.830;4.250;4.770;4.810;4.950;5.740;6.110;6.650;7.370;7.590;7.630;8.200;8.600;9.100;10.670;11.300;12.150;13.200;14.500;15.320;16.270;17.900;19.600;19.910;20.110;22.030;22.800;23.800;26.800;26.300;26.500;27.360;30.560;29.500;31.540;32.802;;;
Brunei;1.330;1.930;1.620;1.990;2.400;2.270;2.050;2.290;1.580;1.630;1.650;1.310;1.700;1.370;1.610;440;850;970;810;700;970;1.780;1.900;1.700;2.220;1.960;1.970;1.940;2.350;3.000;3.850;3.990;4.100;4.200;2.490;2.970;3.020;2.950;2.690;3.190;3.480;3.100;2.880;3.120;3.040;3.110;2.820;2.634;;;
Indonesia;2.330;2.350;5.000;5.780;7.460;7.030;7.020;6.670;8.950;10.450;12.360;13.330;13.790;14.640;16.390;17.830;21.660;22.560;24.050;27.330;30.050;32.190;31.860;27.840;31.840;29.830;30.790;33.090;34.630;32.960;33.280;34.280;31.900;33.830;38.070;39.560;37.380;39.020;42.180;41.720;42.510;41.780;40.580;40.580;39.350;31.910;32.420;31.599;;;
Malaysia;550;640;930;1.010;1.100;1.100;1.330;1.580;2.720;4.490;5.460;5.690;5.040;5.190;5.260;5.590;6.600;7.190;9.230;11.640;13.730;14.120;15.980;16.410;16.040;19.380;20.380;23.870;23.960;21.320;27.730;32.350;30.100;32.030;31.140;32.620;31.150;31.610;32.810;35.180;31.380;32.380;33.740;34.700;36.980;33.720;35.790;37.222;;;
Myanmar;180;250;230;270;270;350;420;450;600;640;920;1.070;1.190;1.040;1.090;850;860;870;1.100;1.430;1.640;1.600;1.510;1.760;1.630;2.070;2.090;2.010;2.510;2.700;3.340;3.620;4.120;3.850;3.250;3.240;3.340;3.530;3.630;3.440;3.590;4.000;4.310;4.760;4.420;4.740;4.100;4.264;;;
Pakistan;5.010;5.200;5.730;5.870;6.580;8.080;8.930;9.740;9.720;10.040;10.370;9.460;10.130;10.740;13.450;12.230;13.210;12.970;14.930;15.210;15.600;16.950;16.900;17.820;20.300;21.500;22.700;24.610;30.440;34.460;35.500;36.120;36.800;38.000;38.710;39.630;39.150;41.460;39.400;39.070;40.670;43.260;45.390;47.070;48.100;45.560;48.300;51.198;;;
Thailand;0;0;0;0;0;0;310;1.330;1.610;2.400;3.370;3.030;4.440;5.460;5.330;5.890;7.370;7.770;8.790;9.680;10.410;12.130;15.230;16.100;17.800;19.950;24.550;26.920;28.860;29.800;32.550;33.300;35.400;37.310;39.170;45.080;46.570;51.020;52.110;52.570;53.290;51.660;51.230;50.640;51.790;48.090;49.070;44.768;;;
Vietnam;0;0;0;0;0;0;0;0;0;0;0;0;0;0;0;0;0;210;250;250;710;830;230;700;680;1.200;1.300;1.700;2.500;4.300;5.300;5.700;5.900;6.980;7.090;8.410;7.710;8.320;8.580;8.990;9.400;9.460;8.730;8.830;9.010;8.040;6.520;7.302;;;
Others;1.720;2.340;2.580;2.410;2.520;3.280;1.970;1.950;2.040;2.060;1.760;1.890;2.370;2.660;1.720;2.560;3.270;4.550;5.030;5.730;6.080;9.650;11.340;11.450;10.870;11.110;10.440;15.880;16.650;20.030;21.910;22.600;25.840;26.420;26.400;29.630;31.020;33.600;34.630;36.320;37.480;38.860;41.280;43.490;43.480;46.550;47.950;47.716;;;
Latin America;25.423;27.745;30.134;30.673;33.186;34.302;36.409;39.552;43.333;46.246;45.852;49.548;49.087;52.563;57.115;57.299;58.612;59.411;63.321;67.023;71.152;79.844;79.194;84.334;81.634;86.754;93.654;94.154;98.253;106.804;110.297;120.634;120.322;128.973;120.813;133.257;136.639;148.056;155.103;158.990;159.346;152.635;156.824;148.667;145.470;131.875;145.310;139.288;;;
Argentina;9.000;10.130;10.580;10.290;10.580;11.530;12.050;13.690;14.720;15.670;16.010;17.300;17.310;20.220;21.240;20.290;20.660;22.340;23.590;24.250;26.990;30.970;28.540;30.510;32.360;33.210;31.090;30.270;34.580;37.850;40.820;41.350;43.920;44.410;43.140;43.290;46.140;46.450;47.240;46.690;46.990;49.730;50.350;51.150;48.220;44.980;47.460;48.945;;;
Bolivia;150;190;220;240;230;250;310;320;290;350;500;460;510;550;830;740;770;930;850;990;1.230;1.050;1.340;390;530;1.000;1.780;1.470;2.240;2.140;1.990;2.010;2.510;2.870;2.830;2.720;2.400;3.190;3.370;3.850;3.340;3.000;3.800;3.890;4.100;4.160;4.810;5.176;;;
Brazil;650;740;1.060;1.020;1.120;1.230;1.170;1.280;1.560;1.960;2.170;2.770;2.920;3.300;3.520;3.580;3.510;3.740;4.130;4.220;4.510;5.800;5.520;5.800;6.270;7.430;9.590;13.390;14.140;17.280;18.740;19.740;19.860;23.650;18.720;25.190;25.060;30.250;35.720;37.780;39.390;33.910;34.390;32.440;31.840;29.870;37.660;33.894;;;
Colombia;1.860;1.890;2.100;2.350;2.640;2.810;2.970;2.960;4.140;4.080;4.110;4.150;4.060;4.220;4.130;4.310;4.400;4.270;4.440;4.600;4.550;5.130;5.970;6.260;5.180;5.910;6.090;6.160;6.090;6.360;6.670;7.220;7.540;7.500;8.690;9.080;8.840;10.090;10.700;11.730;11.510;10.480;9.650;9.760;10.130;10.250;10.010;10.110;;;
Peru;1.140;1.210;1.220;1.320;1.170;1.440;1.390;1.340;1.190;1.290;1.340;1.420;1.410;1.250;1.150;1.150;1.000;910;960;980;930;970;240;410;410;340;370;440;520;860;1.580;1.780;2.670;3.650;3.470;5.490;5.710;6.610;7.020;7.670;7.670;8.930;7.650;7.720;8.620;7.140;8.320;8.736;;;
Trinidad & Tobago;1.780;2.020;2.320;2.710;3.170;2.370;2.260;2.900;5.060;5.540;4.140;4.280;4.220;4.360;4.400;5.580;5.700;5.500;6.170;7.070;7.590;8.570;9.300;9.300;9.540;10.600;11.640;12.700;14.430;13.360;15.130;20.190;20.250;21.940;20.950;23.320;22.970;22.670;23.010;23.010;21.850;18.350;20.280;18.520;18.730;16.000;16.150;15.683;;;
Venezuela;10.813;11.535;12.594;12.703;14.226;14.642;16.199;16.992;16.313;17.276;17.502;19.088;18.607;18.583;21.765;21.549;22.472;21.621;23.081;24.813;25.212;27.204;28.144;31.444;26.784;27.204;31.714;28.414;24.403;27.204;23.447;26.004;20.832;22.253;20.233;21.177;22.569;24.606;23.643;23.720;24.076;23.715;26.204;20.117;17.550;13.725;13.650;9.292;;;
Others;30;30;40;40;50;30;60;70;60;80;80;80;50;80;80;100;100;100;100;100;140;150;140;220;560;1.060;1.380;1.310;1.850;1.750;1.920;2.340;2.740;2.700;2.780;2.990;2.950;4.190;4.400;4.540;4.520;4.520;4.500;5.070;6.280;5.750;7.250;7.453;;;
Middle East;25.421;25.883;26.352;29.588;40.667;37.694;37.990;35.909;38.874;53.392;64.861;71.696;81.621;92.731;102.952;101.429;99.173;115.512;121.017;128.557;134.074;148.557;165.529;176.480;181.351;186.012;199.433;216.786;227.907;241.798;277.913;289.374;304.477;332.166;356.747;394.657;397.641;424.965;431.973;452.079;476.649;484.342;524.901;541.946;550.434;553.399;567.645;577.209;;;
Bahrain;2.080;2.180;2.360;2.610;2.890;2.760;3.530;3.760;3.680;3.790;4.540;5.100;4.870;5.150;5.360;5.600;5.280;6.210;6.620;6.490;6.490;6.770;7.970;8.290;8.410;8.530;9.170;9.450;9.620;9.750;10.710;11.330;11.780;12.410;12.480;12.770;12.620;13.740;14.690;16.010;16.170;16.000;16.500;16.630;18.900;19.200;20.060;16.737;;;
IR Iran;9.999;10.168;9.332;9.628;12.811;6.570;4.390;5.664;8.779;13.481;16.992;15.180;16.001;20.003;22.203;23.704;22.968;25.004;26.574;31.805;35.205;40.116;47.107;51.757;59.808;62.899;70.190;79.241;82.412;85.552;104.995;108.735;113.056;119.307;141.417;144.600;153.362;157.291;157.337;174.600;184.900;188.598;217.760;227.820;231.220;233.000;243.019;253.469;;;
Iraq;1.650;2.110;1.600;1.700;2.230;1.760;620;680;470;590;850;900;1.000;2.500;2.850;1.980;1.740;2.270;2.550;3.170;3.170;3.240;2.950;2.850;2.700;2.900;2.760;2.360;1.560;1.000;1.450;1.450;4.782;6.798;7.213;7.511;6.634;6.675;5.992;6.839;6.868;9.101;9.457;13.025;17.598;18.798;19.324;19.865;;;
Kuwait;4.550;4.830;5.180;5.530;7.760;6.910;2.832;2.832;3.512;4.078;3.965;5.409;8.048;9.941;11.762;7.250;510;2.620;5.421;5.971;5.971;9.301;9.271;9.001;8.641;9.601;8.501;8.001;9.101;9.701;12.302;12.412;12.062;12.702;11.411;14.515;16.995;16.205;16.884;18.490;20.761;21.602;21.067;21.860;18.460;18.218;19.752;21.364;;;
Oman;70;60;60;70;60;1.650;1.950;2.700;460;1.000;2.000;2.010;2.260;2.070;2.680;2.750;3.050;3.470;3.960;4.150;3.670;3.720;4.490;6.560;4.680;5.680;6.440;6.700;7.540;7.070;9.350;10.770;10.890;13.510;14.720;17.570;17.540;21.110;21.050;20.410;21.920;21.870;22.070;23.780;23.680;24.090;25.610;22.895;;;
Qatar;2.210;1.480;1.610;1.480;4.360;5.211;4.451;5.268;4.931;5.919;5.409;5.466;5.610;5.861;6.091;7.816;7.630;12.620;13.500;13.500;13.500;13.700;14.540;14.770;13.950;9.160;10.060;11.110;12.210;15.110;18.900;19.610;19.700;20.190;21.090;35.750;25.480;37.020;41.590;40.510;41.100;39.670;42.760;42.790;42.930;42.630;44.420;42.861;;;
Saudi Arabia;3.700;4.300;4.850;6.050;7.700;9.459;15.973;12.178;11.838;17.559;20.278;25.205;26.800;29.102;29.804;30.501;32.002;34.005;35.905;37.705;38.045;41.346;45.346;46.827;46.207;49.817;53.698;56.708;60.069;65.689;71.250;73.470;74.431;80.451;78.461;87.672;92.273;99.344;100.030;102.380;104.450;106.852;115.000;118.000;122.720;119.000;120.000;122.400;;;
United Arab Emirates;952;635;1.160;2.170;2.505;2.974;3.795;2.577;5.154;6.825;10.677;12.206;16.412;17.594;19.873;18.777;22.373;25.544;22.587;21.686;24.794;27.154;29.004;30.394;30.974;31.434;32.485;36.445;37.885;40.216;41.256;43.096;49.177;57.828;59.064;60.799;62.897;65.329;66.699;66.500;72.700;71.799;71.596;70.030;68.226;70.763;68.190;70.236;;;
Others;210;120;200;350;350;400;450;250;50;150;150;220;620;510;2.330;3.050;3.620;3.770;3.900;4.080;3.230;3.210;4.850;6.030;5.980;5.990;6.130;6.770;7.510;7.710;7.700;8.500;8.600;8.970;10.890;13.470;9.840;8.250;7.700;6.340;7.780;8.850;8.690;8.010;6.700;7.700;7.270;7.382;;;
Africa;5.560;6.270;6.670;9.400;15.390;20.288;18.327;23.086;28.260;30.960;30.194;32.030;35.001;37.094;37.959;38.840;42.357;43.376;43.744;45.644;47.694;50.455;50.354;52.315;55.355;60.885;64.725;67.945;71.865;75.235;85.706;89.962;93.924;100.196;101.325;100.817;109.851;126.297;129.677;129.387;131.952;135.796;138.552;146.470;154.746;155.219;161.159;161.901;;;
Algeria;2.960;3.500;3.730;5.990;8.470;13.027;9.799;15.661;18.578;19.258;16.539;17.049;18.571;20.173;18.702;19.938;21.948;20.673;18.553;19.553;21.013;21.583;20.163;20.853;21.313;20.563;20.443;20.413;20.523;19.283;23.968;25.604;26.461;27.679;28.760;29.014;32.882;36.295;36.655;37.498;39.019;39.546;40.373;44.429;46.809;45.226;49.568;51.400;;;
Angola;70;20;60;80;80;260;250;250;300;340;380;400;450;500;430;540;580;570;560;560;560;560;570;580;560;570;530;600;650;750;650;680;830;680;690;733;752;760;925;732;770;770;780;785;789;821;826;588;;;
Congo;20;20;10;0;0;10;10;20;0;0;0;0;0;0;0;0;0;0;0;0;0;0;0;0;0;0;0;0;0;120;105;111;179;229;327;573;711;714;1.025;918;908;846;680;867;580;405;415;425;;;
Egypt;50;380;460;740;1.120;2.180;2.440;2.670;3.130;4.020;4.930;5.680;6.280;6.920;7.740;8.070;9.080;9.820;11.290;11.990;12.430;13.400;13.500;14.000;16.800;21.000;25.200;27.300;29.620;31.900;34.210;37.800;39.830;42.050;44.370;46.170;50.740;53.030;51.940;48.080;47.960;51.180;58.780;62.780;63.840;61.810;65.160;62.658;;;
Equatorial Guinea;0;0;0;0;0;0;0;0;0;0;0;0;0;0;0;0;0;0;0;0;0;0;0;20;20;30;30;1.270;1.300;100;1.300;1.300;1.491;1.490;1.550;1.580;1.620;1.580;1.470;1.439;1.287;1.592;1.577;1.523;1.477;1.876;2.193;2.426;;;
Gabon;260;170;180;170;150;70;60;57;150;150;57;28;116;100;90;85;100;100;100;100;100;100;100;100;100;80;80;90;90;100;100;100;80;80;80;80;70;110;380;550;550;551;407;530;635;665;554;461;;;
Libya;1.510;1.250;1.430;1.670;3.780;3.230;3.115;2.492;3.172;3.455;4.050;4.758;4.552;4.441;4.666;4.928;4.960;4.932;4.761;4.911;4.851;5.221;5.451;5.451;4.241;5.201;5.391;5.581;4.751;5.931;5.831;4.786;5.321;5.501;6.012;7.065;5.436;5.731;6.488;5.940;5.934;5.893;5.250;5.040;6.939;8.554;10.475;10.580;;;
Nigeria;400;630;500;380;1.380;1.070;2.152;1.416;2.300;2.747;3.059;3.285;3.702;3.771;4.701;3.710;4.758;4.901;5.051;4.551;5.191;5.461;5.851;5.901;6.211;6.731;6.211;6.361;8.511;9.321;10.361;10.922;10.602;12.277;9.846;5.031;5.401;14.307;15.693;18.370;18.445;18.168;12.795;10.756;12.705;14.361;10.108;12.117;;;
South Africa;0;0;0;0;0;0;0;0;0;0;0;0;0;0;0;0;0;1.260;1.880;1.960;1.810;1.790;1.620;1.920;2.080;1.870;1.950;1.440;1.750;3.120;3.940;4.120;3.970;4.120;3.590;4.010;4.580;4.700;4.900;4.750;4.900;4.960;4.880;5.080;5.050;4.950;5.290;5.264;;;
Tunisia;210;220;230;290;330;370;410;440;550;910;1.090;740;1.270;1.110;1.570;1.510;890;1.100;1.500;1.950;1.630;1.900;2.410;2.540;2.550;3.330;3.380;3.390;3.150;3.150;3.700;2.960;2.830;3.120;3.060;3.280;3.310;3.750;4.110;4.590;4.570;4.670;4.980;5.350;5.570;5.190;5.310;5.084;;;
Others;80;80;70;80;80;70;90;80;80;80;90;90;60;80;60;60;40;20;50;70;110;440;690;950;1.480;1.510;1.510;1.500;1.520;1.460;1.540;1.580;2.330;2.970;3.040;3.280;4.350;5.320;6.090;6.520;7.610;7.620;8.050;9.330;10.350;11.360;11.260;10.898;;;
Russia;200.260;217.383;232.218;244.120;260.156;269.982;289.309;313.918;337.767;369.299;406.790;430.472;455.012;480.844;513.128;600.100;602.600;600.200;578.800;568.700;557.500;370.540;348.250;356.890;356.290;369.780;365.440;384.090;402.220;412.490;405.790;431.090;429.870;448.180;380.290;433.450;427.410;441.280;436.390;431.280;415.060;407.310;435.530;447.060;453.440;423.110;489.500;504.500;;;
Other Eurasia;56.050;61.227;65.102;67.960;71.724;74.098;80.211;87.462;94.653;103.961;114.430;122.438;130.408;138.246;112.812;162.080;155.440;124.050;133.130;104.980;103.280;168.130;156.760;160.450;167.630;167.310;176.850;178.270;177.850;172.300;182.460;177.040;187.060;183.740;162.350;165.360;183.340;172.620;170.810;170.880;172.460;159.380;166.110;174.230;174.730;171.820;166.520;162.405;;;
Azerbaijan;na;na;na;na;na;na;na;na;na;na;na;na;na;na;na;9.320;8.090;7.380;6.360;5.980;6.230;6.020;5.590;5.240;5.630;5.570;8.290;9.520;9.610;5.480;9.180;9.700;8.880;9.940;9.760;10.470;9.310;10.550;9.470;10.030;10.880;10.180;9.420;10.540;12.530;11.120;11.170;10.088;;;
Kazakhstan;na;na;na;na;na;na;na;na;na;na;na;na;na;na;na;3.610;4.090;4.700;3.770;2.460;3.150;2.790;5.620;5.380;6.630;10.990;12.230;10.110;8.360;6.150;11.130;10.670;20.330;22.460;13.310;11.640;13.010;12.390;13.490;14.150;13.610;14.450;17.180;17.990;16.560;16.240;14.300;15.201;;;
Turkmenistan;na;na;na;na;na;na;na;na;na;na;na;na;na;na;na;82.330;79.110;52.260;61.180;33.590;30.300;12.400;8.730;10.730;9.590;7.440;10.930;7.790;12.070;11.900;12.100;12.460;11.600;8.200;17.780;21.410;25.710;29.780;30.830;35.050;43.400;42.070;42.800;48.040;50.330;50.700;48.140;50.066;;;
Ukraine;na;na;na;na;na;na;na;na;na;na;na;na;na;na;na;28.080;24.360;19.340;19.220;18.300;18.200;86.200;75.300;75.600;75.700;70.400;73.500;79.000;77.930;77.700;77.900;73.400;72.200;71.520;55.340;53.250;60.840;49.750;46.240;38.710;35.520;30.520;33.950;32.200;29.900;31.000;26.800;20.100;;;
Uzbekistan;na;na;na;na;na;na;na;na;na;na;na;na;na;na;na;38.240;39.290;39.960;42.220;44.280;45.030;43.360;42.530;42.700;49.480;50.570;50.970;52.490;47.320;47.810;48.750;44.990;48.660;45.850;45.790;45.760;49.200;48.040;47.950;50.440;48.150;41.520;41.680;42.270;42.080;40.900;42.560;43.411;;;
Others;na;na;na;na;na;na;na;na;na;na;na;na;na;na;na;500;500;410;380;370;370;17.360;18.990;20.800;20.600;22.340;20.930;19.360;22.560;23.260;23.400;25.820;25.390;25.770;20.370;22.830;25.270;22.110;22.830;22.500;20.900;20.640;21.080;23.190;23.330;21.860;23.550;23.539;;;
Other Europe;33.860;38.180;37.750;38.690;36.560;40.080;41.390;45.770;44.440;40.620;47.100;46.360;45.490;43.930;46.890;42.700;35.970;32.640;30.620;28.880;31.430;34.130;28.270;25.140;24.090;23.420;22.190;20.440;26.890;27.520;27.930;26.670;25.610;24.370;20.080;21.130;21.650;21.230;20.420;18.660;18.950;19.230;21.000;21.360;21.670;19.970;21.690;18.463;;;
Bulgaria;1.300;2.270;2.890;3.570;4.010;4.170;4.730;5.000;5.110;5.220;6.230;5.920;6.080;6.260;6.310;6.810;5.740;5.540;4.870;4.760;5.900;6.080;5.140;3.820;3.370;3.220;2.920;2.820;2.720;3.200;3.360;3.360;3.350;3.210;2.070;2.540;3.080;2.860;2.840;2.750;2.930;3.070;3.190;2.980;2.770;2.860;3.190;2.519;;;
Romania;32.560;35.560;34.510;34.770;32.200;35.590;36.240;40.350;38.910;34.900;40.370;39.840;38.760;36.970;40.350;35.640;30.090;27.000;25.720;24.090;25.500;25.100;20.200;18.400;17.800;17.000;16.000;14.700;18.630;18.800;18.650;17.380;16.100;15.200;13.000;12.600;12.990;12.360;12.250;11.400;10.970;10.990;11.410;11.910;12.310;10.760;11.500;9.304;;;
Others;0;350;350;350;350;320;420;420;420;500;500;600;650;700;230;250;140;100;30;30;30;2.950;2.930;2.920;2.920;3.200;3.270;2.920;5.540;5.520;5.920;5.930;6.160;5.960;5.010;5.990;5.580;6.010;5.330;4.510;5.050;5.170;6.400;6.470;6.590;6.350;7.000;6.640;;;
Total world;1.234.855;1.287.569;1.331.156;1.371.911;1.464.423;1.476.324;1.492.117;1.491.598;1.497.547;1.626.438;1.686.638;1.720.675;1.812.799;1.888.838;1.956.706;2.119.118;2.150.043;2.159.170;2.205.352;2.219.304;2.264.581;2.260.006;2.249.737;2.293.579;2.356.989;2.433.341;2.493.853;2.553.395;2.651.436;2.714.518;2.830.237;2.888.292;2.988.765;3.086.578;2.992.297;3.234.609;3.275.493;3.393.067;3.448.533;3.452.811;3.518.344;3.587.747;3.734.994;3.903.032;4.000.224;3.920.995;4.096.989;4.085.486;;;
OPEC;36.884;39.169;40.625;46.071;61.093;59.983;59.195;60.820;70.566;85.759;94.348;103.509;114.259;126.707;136.845;132.961;134.412;142.239;145.142;154.824;164.110;181.285;193.957;205.179;207.559;217.030;232.032;245.484;251.255;264.967;297.016;308.670;319.303;347.275;365.064;380.351;401.601;428.948;433.223;457.977;480.668;489.033;522.947;534.782;545.710;545.413;558.074;574.623;;;
OPEC percentage;3,0;3,0;3,1;3,4;4,2;4,1;4,0;4,1;4,7;5,3;5,6;6,0;6,3;6,7;7,0;6,3;6,3;6,6;6,6;7,0;7,2;8,0;8,6;8,9;8,8;8,9;9,3;9,6;9,5;9,8;10,5;10,7;10,7;11,3;12,2;11,8;12,3;12,6;12,6;13,3;13,7;13,6;14,0;13,7;13,6;13,9;13,6;14,1;;;
OECD;866.670;885.980;902.170;917.750;969.110;960.530;950.290;905.500;864.500;932.040;921.970;909.900;952.720;975.770;1.011.200;1.041.480;1.069.510;1.090.640;1.133.550;1.163.420;1.198.090;1.272.800;1.277.300;1.292.260;1.335.170;1.375.630;1.396.300;1.391.680;1.428.070;1.442.120;1.475.281;1.467.902;1.523.942;1.544.993;1.501.872;1.591.368;1.582.552;1.617.799;1.644.340;1.610.944;1.654.726;1.716.274;1.742.927;1.825.470;1.870.824;1.830.362;1.859.334;1.843.136;;;
;;;;;;;;;;;;;;;;;;;;;;;;;;;;;;;;;;;;;;;;;;;;;;;;;;;
;;;;;;;;;;;;;;;;;;;;;;;;;;;;;;;;;;;;;;;;;;;;;;;;;;;
;;;;;;;;;;;;;;;;;;;;;;;;;;;;;;;;;;;;;;;;;;;;;;;;;;;
;;;;;;;;;;;;;;;;;;;;;;;;;;;;;;;;;;;;;;;;;;;;;;;;;;;
;;;;;;;;;;;;;;;;;;;;;;;;;;;;;;;;;;;;;;;;;;;;;;;;;;;
;;;;;;;;;;;;;;;;;;;;;;;;;;;;;;;;;;;;;;;;;;;;;;;;;;;
;;;;;;;;;;;;;;;;;;;;;;;;;;;;;;;;;;;;;;;;;;;;;;;;;;;
;;;;;;;;;;;;;;;;;;;;;;;;;;;;;;;;;;;;;;;;;;;;;;;;;;;
;;;;;;;;;;;;;;;;;;;;;;;;;;;;;;;;;;;;;;;;;;;;;;;;;;;
;;;;;;;;;;;;;;;;;;;;;;;;;;;;;;;;;;;;;;;;;;;;;;;;;;;
;;;;;;;;;;;;;;;;;;;;;;;;;;;;;;;;;;;;;;;;;;;;;;;;;;;
;;;;;;;;;;;;;;;;;;;;;;;;;;;;;;;;;;;;;;;;;;;;;;;;;;;
;;;;;;;;;;;;;;;;;;;;;;;;;;;;;;;;;;;;;;;;;;;;;;;;;;;
;;;;;;;;;;;;;;;;;;;;;;;;;;;;;;;;;;;;;;;;;;;;;;;;;;;
;;;;;;;;;;;;;;;;;;;;;;;;;;;;;;;;;;;;;;;;;;;;;;;;;;;
;;;;;;;;;;;;;;;;;;;;;;;;;;;;;;;;;;;;;;;;;;;;;;;;;;;
;;;;;;;;;;;;;;;;;;;;;;;;;;;;;;;;;;;;;;;;;;;;;;;;;;;
;;;;;;;;;;;;;;;;;;;;;;;;;;;;;;;;;;;;;;;;;;;;;;;;;;;
;;;;;;;;;;;;;;;;;;;;;;;;;;;;;;;;;;;;;;;;;;;;;;;;;;;
;;;;;;;;;;;;;;;;;;;;;;;;;;;;;;;;;;;;;;;;;;;;;;;;;;;
;;;;;;;;;;;;;;;;;;;;;;;;;;;;;;;;;;;;;;;;;;;;;;;;;;;
;;;;;;;;;;;;;;;;;;;;;;;;;;;;;;;;;;;;;;;;;;;;;;;;;;;
;;;;;;;;;;;;;;;;;;;;;;;;;;;;;;;;;;;;;;;;;;;;;;;;;;;
;;;;;;;;;;;;;;;;;;;;;;;;;;;;;;;;;;;;;;;;;;;;;;;;;;;
;;;;;;;;;;;;;;;;;;;;;;;;;;;;;;;;;;;;;;;;;;;;;;;;;;;
;;;;;;;;;;;;;;;;;;;;;;;;;;;;;;;;;;;;;;;;;;;;;;;;;;;
;;;;;;;;;;;;;;;;;;;;;;;;;;;;;;;;;;;;;;;;;;;;;;;;;;;
;;;;;;;;;;;;;;;;;;;;;;;;;;;;;;;;;;;;;;;;;;;;;;;;;;;
;;;;;;;;;;;;;;;;;;;;;;;;;;;;;;;;;;;;;;;;;;;;;;;;;;;
;;;;;;;;;;;;;;;;;;;;;;;;;;;;;;;;;;;;;;;;;;;;;;;;;;;
;;;;;;;;;;;;;;;;;;;;;;;;;;;;;;;;;;;;;;;;;;;;;;;;;;;
;;;;;;;;;;;;;;;;;;;;;;;;;;;;;;;;;;;;;;;;;;;;;;;;;;;
;;;;;;;;;;;;;;;;;;;;;;;;;;;;;;;;;;;;;;;;;;;;;;;;;;;
;;;;;;;;;;;;;;;;;;;;;;;;;;;;;;;;;;;;;;;;;;;;;;;;;;;
;;;;;;;;;;;;;;;;;;;;;;;;;;;;;;;;;;;;;;;;;;;;;;;;;;;
;;;;;;;;;;;;;;;;;;;;;;;;;;;;;;;;;;;;;;;;;;;;;;;;;;;
;;;;;;;;;;;;;;;;;;;;;;;;;;;;;;;;;;;;;;;;;;;;;;;;;;;
;;;;;;;;;;;;;;;;;;;;;;;;;;;;;;;;;;;;;;;;;;;;;;;;;;;
;;;;;;;;;;;;;;;;;;;;;;;;;;;;;;;;;;;;;;;;;;;;;;;;;;;
;;;;;;;;;;;;;;;;;;;;;;;;;;;;;;;;;;;;;;;;;;;;;;;;;;;
;;;;;;;;;;;;;;;;;;;;;;;;;;;;;;;;;;;;;;;;;;;;;;;;;;;
;;;;;;;;;;;;;;;;;;;;;;;;;;;;;;;;;;;;;;;;;;;;;;;;;;;
;;;;;;;;;;;;;;;;;;;;;;;;;;;;;;;;;;;;;;;;;;;;;;;;;;;
;;;;;;;;;;;;;;;;;;;;;;;;;;;;;;;;;;;;;;;;;;;;;;;;;;;
;;;;;;;;;;;;;;;;;;;;;;;;;;;;;;;;;;;;;;;;;;;;;;;;;;;
;;;;;;;;;;;;;;;;;;;;;;;;;;;;;;;;;;;;;;;;;;;;;;;;;;;
;;;;;;;;;;;;;;;;;;;;;;;;;;;;;;;;;;;;;;;;;;;;;;;;;;;
;;;;;;;;;;;;;;;;;;;;;;;;;;;;;;;;;;;;;;;;;;;;;;;;;;;
;;;;;;;;;;;;;;;;;;;;;;;;;;;;;;;;;;;;;;;;;;;;;;;;;;;
;;;;;;;;;;;;;;;;;;;;;;;;;;;;;;;;;;;;;;;;;;;;;;;;;;;
;;;;;;;;;;;;;;;;;;;;;;;;;;;;;;;;;;;;;;;;;;;;;;;;;;;
;;;;;;;;;;;;;;;;;;;;;;;;;;;;;;;;;;;;;;;;;;;;;;;;;;;
;;;;;;;;;;;;;;;;;;;;;;;;;;;;;;;;;;;;;;;;;;;;;;;;;;;
;;;;;;;;;;;;;;;;;;;;;;;;;;;;;;;;;;;;;;;;;;;;;;;;;;;
;;;;;;;;;;;;;;;;;;;;;;;;;;;;;;;;;;;;;;;;;;;;;;;;;;;
;;;;;;;;;;;;;;;;;;;;;;;;;;;;;;;;;;;;;;;;;;;;;;;;;;;
;;;;;;;;;;;;;;;;;;;;;;;;;;;;;;;;;;;;;;;;;;;;;;;;;;;
;;;;;;;;;;;;;;;;;;;;;;;;;;;;;;;;;;;;;;;;;;;;;;;;;;;
;;;;;;;;;;;;;;;;;;;;;;;;;;;;;;;;;;;;;;;;;;;;;;;;;;;
;;;;;;;;;;;;;;;;;;;;;;;;;;;;;;;;;;;;;;;;;;;;;;;;;;;
;;;;;;;;;;;;;;;;;;;;;;;;;;;;;;;;;;;;;;;;;;;;;;;;;;;
;;;;;;;;;;;;;;;;;;;;;;;;;;;;;;;;;;;;;;;;;;;;;;;;;;;
;;;;;;;;;;;;;;;;;;;;;;;;;;;;;;;;;;;;;;;;;;;;;;;;;;;
;;;;;;;;;;;;;;;;;;;;;;;;;;;;;;;;;;;;;;;;;;;;;;;;;;;
;;;;;;;;;;;;;;;;;;;;;;;;;;;;;;;;;;;;;;;;;;;;;;;;;;;
;;;;;;;;;;;;;;;;;;;;;;;;;;;;;;;;;;;;;;;;;;;;;;;;;;;
;;;;;;;;;;;;;;;;;;;;;;;;;;;;;;;;;;;;;;;;;;;;;;;;;;;
;;;;;;;;;;;;;;;;;;;;;;;;;;;;;;;;;;;;;;;;;;;;;;;;;;;
;;;;;;;;;;;;;;;;;;;;;;;;;;;;;;;;;;;;;;;;;;;;;;;;;;;
;;;;;;;;;;;;;;;;;;;;;;;;;;;;;;;;;;;;;;;;;;;;;;;;;;;
;;;;;;;;;;;;;;;;;;;;;;;;;;;;;;;;;;;;;;;;;;;;;;;;;;;
;;;;;;;;;;;;;;;;;;;;;;;;;;;;;;;;;;;;;;;;;;;;;;;;;;;
;;;;;;;;;;;;;;;;;;;;;;;;;;;;;;;;;;;;;;;;;;;;;;;;;;;
;;;;;;;;;;;;;;;;;;;;;;;;;;;;;;;;;;;;;;;;;;;;;;;;;;;
;;;;;;;;;;;;;;;;;;;;;;;;;;;;;;;;;;;;;;;;;;;;;;;;;;;
;;;;;;;;;;;;;;;;;;;;;;;;;;;;;;;;;;;;;;;;;;;;;;;;;;;
;;;;;;;;;;;;;;;;;;;;;;;;;;;;;;;;;;;;;;;;;;;;;;;;;;;
;;;;;;;;;;;;;;;;;;;;;;;;;;;;;;;;;;;;;;;;;;;;;;;;;;;
;;;;;;;;;;;;;;;;;;;;;;;;;;;;;;;;;;;;;;;;;;;;;;;;;;;
;;;;;;;;;;;;;;;;;;;;;;;;;;;;;;;;;;;;;;;;;;;;;;;;;;;
;;;;;;;;;;;;;;;;;;;;;;;;;;;;;;;;;;;;;;;;;;;;;;;;;;;
;;;;;;;;;;;;;;;;;;;;;;;;;;;;;;;;;;;;;;;;;;;;;;;;;;;
;;;;;;;;;;;;;;;;;;;;;;;;;;;;;;;;;;;;;;;;;;;;;;;;;;;
;;;;;;;;;;;;;;;;;;;;;;;;;;;;;;;;;;;;;;;;;;;;;;;;;;;
;;;;;;;;;;;;;;;;;;;;;;;;;;;;;;;;;;;;;;;;;;;;;;;;;;;
;;;;;;;;;;;;;;;;;;;;;;;;;;;;;;;;;;;;;;;;;;;;;;;;;;;
;;;;;;;;;;;;;;;;;;;;;;;;;;;;;;;;;;;;;;;;;;;;;;;;;;;
;;;;;;;;;;;;;;;;;;;;;;;;;;;;;;;;;;;;;;;;;;;;;;;;;;;
;;;;;;;;;;;;;;;;;;;;;;;;;;;;;;;;;;;;;;;;;;;;;;;;;;;
;;;;;;;;;;;;;;;;;;;;;;;;;;;;;;;;;;;;;;;;;;;;;;;;;;;
;;;;;;;;;;;;;;;;;;;;;;;;;;;;;;;;;;;;;;;;;;;;;;;;;;;
;;;;;;;;;;;;;;;;;;;;;;;;;;;;;;;;;;;;;;;;;;;;;;;;;;;
;;;;;;;;;;;;;;;;;;;;;;;;;;;;;;;;;;;;;;;;;;;;;;;;;;;
;;;;;;;;;;;;;;;;;;;;;;;;;;;;;;;;;;;;;;;;;;;;;;;;;;;
;;;;;;;;;;;;;;;;;;;;;;;;;;;;;;;;;;;;;;;;;;;;;;;;;;;
;;;;;;;;;;;;;;;;;;;;;;;;;;;;;;;;;;;;;;;;;;;;;;;;;;;
;;;;;;;;;;;;;;;;;;;;;;;;;;;;;;;;;;;;;;;;;;;;;;;;;;;
;;;;;;;;;;;;;;;;;;;;;;;;;;;;;;;;;;;;;;;;;;;;;;;;;;;
;;;;;;;;;;;;;;;;;;;;;;;;;;;;;;;;;;;;;;;;;;;;;;;;;;;
;;;;;;;;;;;;;;;;;;;;;;;;;;;;;;;;;;;;;;;;;;;;;;;;;;;
;;;;;;;;;;;;;;;;;;;;;;;;;;;;;;;;;;;;;;;;;;;;;;;;;;;
;;;;;;;;;;;;;;;;;;;;;;;;;;;;;;;;;;;;;;;;;;;;;;;;;;;
;;;;;;;;;;;;;;;;;;;;;;;;;;;;;;;;;;;;;;;;;;;;;;;;;;;
;;;;;;;;;;;;;;;;;;;;;;;;;;;;;;;;;;;;;;;;;;;;;;;;;;;
;;;;;;;;;;;;;;;;;;;;;;;;;;;;;;;;;;;;;;;;;;;;;;;;;;;
;;;;;;;;;;;;;;;;;;;;;;;;;;;;;;;;;;;;;;;;;;;;;;;;;;;
;;;;;;;;;;;;;;;;;;;;;;;;;;;;;;;;;;;;;;;;;;;;;;;;;;;
;;;;;;;;;;;;;;;;;;;;;;;;;;;;;;;;;;;;;;;;;;;;;;;;;;;
;;;;;;;;;;;;;;;;;;;;;;;;;;;;;;;;;;;;;;;;;;;;;;;;;;;
;;;;;;;;;;;;;;;;;;;;;;;;;;;;;;;;;;;;;;;;;;;;;;;;;;;
;;;;;;;;;;;;;;;;;;;;;;;;;;;;;;;;;;;;;;;;;;;;;;;;;;;
;;;;;;;;;;;;;;;;;;;;;;;;;;;;;;;;;;;;;;;;;;;;;;;;;;;
;;;;;;;;;;;;;;;;;;;;;;;;;;;;;;;;;;;;;;;;;;;;;;;;;;;
;;;;;;;;;;;;;;;;;;;;;;;;;;;;;;;;;;;;;;;;;;;;;;;;;;;
;;;;;;;;;;;;;;;;;;;;;;;;;;;;;;;;;;;;;;;;;;;;;;;;;;;
;;;;;;;;;;;;;;;;;;;;;;;;;;;;;;;;;;;;;;;;;;;;;;;;;;;
;;;;;;;;;;;;;;;;;;;;;;;;;;;;;;;;;;;;;;;;;;;;;;;;;;;
;;;;;;;;;;;;;;;;;;;;;;;;;;;;;;;;;;;;;;;;;;;;;;;;;;;
;;;;;;;;;;;;;;;;;;;;;;;;;;;;;;;;;;;;;;;;;;;;;;;;;;;
;;;;;;;;;;;;;;;;;;;;;;;;;;;;;;;;;;;;;;;;;;;;;;;;;;;
;;;;;;;;;;;;;;;;;;;;;;;;;;;;;;;;;;;;;;;;;;;;;;;;;;;
;;;;;;;;;;;;;;;;;;;;;;;;;;;;;;;;;;;;;;;;;;;;;;;;;;;
;;;;;;;;;;;;;;;;;;;;;;;;;;;;;;;;;;;;;;;;;;;;;;;;;;;
;;;;;;;;;;;;;;;;;;;;;;;;;;;;;;;;;;;;;;;;;;;;;;;;;;;
;;;;;;;;;;;;;;;;;;;;;;;;;;;;;;;;;;;;;;;;;;;;;;;;;;;
;;;;;;;;;;;;;;;;;;;;;;;;;;;;;;;;;;;;;;;;;;;;;;;;;;;
;;;;;;;;;;;;;;;;;;;;;;;;;;;;;;;;;;;;;;;;;;;;;;;;;;;
;;;;;;;;;;;;;;;;;;;;;;;;;;;;;;;;;;;;;;;;;;;;;;;;;;;
;;;;;;;;;;;;;;;;;;;;;;;;;;;;;;;;;;;;;;;;;;;;;;;;;;;
;;;;;;;;;;;;;;;;;;;;;;;;;;;;;;;;;;;;;;;;;;;;;;;;;;;
;;;;;;;;;;;;;;;;;;;;;;;;;;;;;;;;;;;;;;;;;;;;;;;;;;;
;;;;;;;;;;;;;;;;;;;;;;;;;;;;;;;;;;;;;;;;;;;;;;;;;;;
;;;;;;;;;;;;;;;;;;;;;;;;;;;;;;;;;;;;;;;;;;;;;;;;;;;
;;;;;;;;;;;;;;;;;;;;;;;;;;;;;;;;;;;;;;;;;;;;;;;;;;;
;;;;;;;;;;;;;;;;;;;;;;;;;;;;;;;;;;;;;;;;;;;;;;;;;;;
;;;;;;;;;;;;;;;;;;;;;;;;;;;;;;;;;;;;;;;;;;;;;;;;;;;
;;;;;;;;;;;;;;;;;;;;;;;;;;;;;;;;;;;;;;;;;;;;;;;;;;;
;;;;;;;;;;;;;;;;;;;;;;;;;;;;;;;;;;;;;;;;;;;;;;;;;;;
;;;;;;;;;;;;;;;;;;;;;;;;;;;;;;;;;;;;;;;;;;;;;;;;;;;
;;;;;;;;;;;;;;;;;;;;;;;;;;;;;;;;;;;;;;;;;;;;;;;;;;;
;;;;;;;;;;;;;;;;;;;;;;;;;;;;;;;;;;;;;;;;;;;;;;;;;;;
;;;;;;;;;;;;;;;;;;;;;;;;;;;;;;;;;;;;;;;;;;;;;;;;;;;
;;;;;;;;;;;;;;;;;;;;;;;;;;;;;;;;;;;;;;;;;;;;;;;;;;;
;;;;;;;;;;;;;;;;;;;;;;;;;;;;;;;;;;;;;;;;;;;;;;;;;;;
;;;;;;;;;;;;;;;;;;;;;;;;;;;;;;;;;;;;;;;;;;;;;;;;;;;
;;;;;;;;;;;;;;;;;;;;;;;;;;;;;;;;;;;;;;;;;;;;;;;;;;;
;;;;;;;;;;;;;;;;;;;;;;;;;;;;;;;;;;;;;;;;;;;;;;;;;;;
;;;;;;;;;;;;;;;;;;;;;;;;;;;;;;;;;;;;;;;;;;;;;;;;;;;
;;;;;;;;;;;;;;;;;;;;;;;;;;;;;;;;;;;;;;;;;;;;;;;;;;;
;;;;;;;;;;;;;;;;;;;;;;;;;;;;;;;;;;;;;;;;;;;;;;;;;;;
;;;;;;;;;;;;;;;;;;;;;;;;;;;;;;;;;;;;;;;;;;;;;;;;;;;
;;;;;;;;;;;;;;;;;;;;;;;;;;;;;;;;;;;;;;;;;;;;;;;;;;;
;;;;;;;;;;;;;;;;;;;;;;;;;;;;;;;;;;;;;;;;;;;;;;;;;;;
;;;;;;;;;;;;;;;;;;;;;;;;;;;;;;;;;;;;;;;;;;;;;;;;;;;
;;;;;;;;;;;;;;;;;;;;;;;;;;;;;;;;;;;;;;;;;;;;;;;;;;;
;;;;;;;;;;;;;;;;;;;;;;;;;;;;;;;;;;;;;;;;;;;;;;;;;;;
;;;;;;;;;;;;;;;;;;;;;;;;;;;;;;;;;;;;;;;;;;;;;;;;;;;
;;;;;;;;;;;;;;;;;;;;;;;;;;;;;;;;;;;;;;;;;;;;;;;;;;;
;;;;;;;;;;;;;;;;;;;;;;;;;;;;;;;;;;;;;;;;;;;;;;;;;;;
;;;;;;;;;;;;;;;;;;;;;;;;;;;;;;;;;;;;;;;;;;;;;;;;;;;
;;;;;;;;;;;;;;;;;;;;;;;;;;;;;;;;;;;;;;;;;;;;;;;;;;;
;;;;;;;;;;;;;;;;;;;;;;;;;;;;;;;;;;;;;;;;;;;;;;;;;;;
;;;;;;;;;;;;;;;;;;;;;;;;;;;;;;;;;;;;;;;;;;;;;;;;;;;
;;;;;;;;;;;;;;;;;;;;;;;;;;;;;;;;;;;;;;;;;;;;;;;;;;;
;;;;;;;;;;;;;;;;;;;;;;;;;;;;;;;;;;;;;;;;;;;;;;;;;;;
;;;;;;;;;;;;;;;;;;;;;;;;;;;;;;;;;;;;;;;;;;;;;;;;;;;
;;;;;;;;;;;;;;;;;;;;;;;;;;;;;;;;;;;;;;;;;;;;;;;;;;;
;;;;;;;;;;;;;;;;;;;;;;;;;;;;;;;;;;;;;;;;;;;;;;;;;;;
;;;;;;;;;;;;;;;;;;;;;;;;;;;;;;;;;;;;;;;;;;;;;;;;;;;
;;;;;;;;;;;;;;;;;;;;;;;;;;;;;;;;;;;;;;;;;;;;;;;;;;;
;;;;;;;;;;;;;;;;;;;;;;;;;;;;;;;;;;;;;;;;;;;;;;;;;;;
;;;;;;;;;;;;;;;;;;;;;;;;;;;;;;;;;;;;;;;;;;;;;;;;;;;
;;;;;;;;;;;;;;;;;;;;;;;;;;;;;;;;;;;;;;;;;;;;;;;;;;;
;;;;;;;;;;;;;;;;;;;;;;;;;;;;;;;;;;;;;;;;;;;;;;;;;;;
;;;;;;;;;;;;;;;;;;;;;;;;;;;;;;;;;;;;;;;;;;;;;;;;;;;
;;;;;;;;;;;;;;;;;;;;;;;;;;;;;;;;;;;;;;;;;;;;;;;;;;;
;;;;;;;;;;;;;;;;;;;;;;;;;;;;;;;;;;;;;;;;;;;;;;;;;;;
;;;;;;;;;;;;;;;;;;;;;;;;;;;;;;;;;;;;;;;;;;;;;;;;;;;
;;;;;;;;;;;;;;;;;;;;;;;;;;;;;;;;;;;;;;;;;;;;;;;;;;;
;;;;;;;;;;;;;;;;;;;;;;;;;;;;;;;;;;;;;;;;;;;;;;;;;;;
;;;;;;;;;;;;;;;;;;;;;;;;;;;;;;;;;;;;;;;;;;;;;;;;;;;
;;;;;;;;;;;;;;;;;;;;;;;;;;;;;;;;;;;;;;;;;;;;;;;;;;;
;;;;;;;;;;;;;;;;;;;;;;;;;;;;;;;;;;;;;;;;;;;;;;;;;;;
;;;;;;;;;;;;;;;;;;;;;;;;;;;;;;;;;;;;;;;;;;;;;;;;;;;
;;;;;;;;;;;;;;;;;;;;;;;;;;;;;;;;;;;;;;;;;;;;;;;;;;;
;;;;;;;;;;;;;;;;;;;;;;;;;;;;;;;;;;;;;;;;;;;;;;;;;;;
;;;;;;;;;;;;;;;;;;;;;;;;;;;;;;;;;;;;;;;;;;;;;;;;;;;
;;;;;;;;;;;;;;;;;;;;;;;;;;;;;;;;;;;;;;;;;;;;;;;;;;;
;;;;;;;;;;;;;;;;;;;;;;;;;;;;;;;;;;;;;;;;;;;;;;;;;;;
;;;;;;;;;;;;;;;;;;;;;;;;;;;;;;;;;;;;;;;;;;;;;;;;;;;
;;;;;;;;;;;;;;;;;;;;;;;;;;;;;;;;;;;;;;;;;;;;;;;;;;;
;;;;;;;;;;;;;;;;;;;;;;;;;;;;;;;;;;;;;;;;;;;;;;;;;;;
;;;;;;;;;;;;;;;;;;;;;;;;;;;;;;;;;;;;;;;;;;;;;;;;;;;
;;;;;;;;;;;;;;;;;;;;;;;;;;;;;;;;;;;;;;;;;;;;;;;;;;;
;;;;;;;;;;;;;;;;;;;;;;;;;;;;;;;;;;;;;;;;;;;;;;;;;;;
;;;;;;;;;;;;;;;;;;;;;;;;;;;;;;;;;;;;;;;;;;;;;;;;;;;
;;;;;;;;;;;;;;;;;;;;;;;;;;;;;;;;;;;;;;;;;;;;;;;;;;;
;;;;;;;;;;;;;;;;;;;;;;;;;;;;;;;;;;;;;;;;;;;;;;;;;;;
;;;;;;;;;;;;;;;;;;;;;;;;;;;;;;;;;;;;;;;;;;;;;;;;;;;
;;;;;;;;;;;;;;;;;;;;;;;;;;;;;;;;;;;;;;;;;;;;;;;;;;;
;;;;;;;;;;;;;;;;;;;;;;;;;;;;;;;;;;;;;;;;;;;;;;;;;;;
;;;;;;;;;;;;;;;;;;;;;;;;;;;;;;;;;;;;;;;;;;;;;;;;;;;
;;;;;;;;;;;;;;;;;;;;;;;;;;;;;;;;;;;;;;;;;;;;;;;;;;;
;;;;;;;;;;;;;;;;;;;;;;;;;;;;;;;;;;;;;;;;;;;;;;;;;;;
;;;;;;;;;;;;;;;;;;;;;;;;;;;;;;;;;;;;;;;;;;;;;;;;;;;
;;;;;;;;;;;;;;;;;;;;;;;;;;;;;;;;;;;;;;;;;;;;;;;;;;;
;;;;;;;;;;;;;;;;;;;;;;;;;;;;;;;;;;;;;;;;;;;;;;;;;;;
;;;;;;;;;;;;;;;;;;;;;;;;;;;;;;;;;;;;;;;;;;;;;;;;;;;
;;;;;;;;;;;;;;;;;;;;;;;;;;;;;;;;;;;;;;;;;;;;;;;;;;;
;;;;;;;;;;;;;;;;;;;;;;;;;;;;;;;;;;;;;;;;;;;;;;;;;;;
;;;;;;;;;;;;;;;;;;;;;;;;;;;;;;;;;;;;;;;;;;;;;;;;;;;
;;;;;;;;;;;;;;;;;;;;;;;;;;;;;;;;;;;;;;;;;;;;;;;;;;;
;;;;;;;;;;;;;;;;;;;;;;;;;;;;;;;;;;;;;;;;;;;;;;;;;;;
;;;;;;;;;;;;;;;;;;;;;;;;;;;;;;;;;;;;;;;;;;;;;;;;;;;
;;;;;;;;;;;;;;;;;;;;;;;;;;;;;;;;;;;;;;;;;;;;;;;;;;;
;;;;;;;;;;;;;;;;;;;;;;;;;;;;;;;;;;;;;;;;;;;;;;;;;;;
;;;;;;;;;;;;;;;;;;;;;;;;;;;;;;;;;;;;;;;;;;;;;;;;;;;
;;;;;;;;;;;;;;;;;;;;;;;;;;;;;;;;;;;;;;;;;;;;;;;;;;;
;;;;;;;;;;;;;;;;;;;;;;;;;;;;;;;;;;;;;;;;;;;;;;;;;;;
;;;;;;;;;;;;;;;;;;;;;;;;;;;;;;;;;;;;;;;;;;;;;;;;;;;
;;;;;;;;;;;;;;;;;;;;;;;;;;;;;;;;;;;;;;;;;;;;;;;;;;;
;;;;;;;;;;;;;;;;;;;;;;;;;;;;;;;;;;;;;;;;;;;;;;;;;;;
;;;;;;;;;;;;;;;;;;;;;;;;;;;;;;;;;;;;;;;;;;;;;;;;;;;
;;;;;;;;;;;;;;;;;;;;;;;;;;;;;;;;;;;;;;;;;;;;;;;;;;;
;;;;;;;;;;;;;;;;;;;;;;;;;;;;;;;;;;;;;;;;;;;;;;;;;;;
;;;;;;;;;;;;;;;;;;;;;;;;;;;;;;;;;;;;;;;;;;;;;;;;;;;
;;;;;;;;;;;;;;;;;;;;;;;;;;;;;;;;;;;;;;;;;;;;;;;;;;;
;;;;;;;;;;;;;;;;;;;;;;;;;;;;;;;;;;;;;;;;;;;;;;;;;;;
;;;;;;;;;;;;;;;;;;;;;;;;;;;;;;;;;;;;;;;;;;;;;;;;;;;
;;;;;;;;;;;;;;;;;;;;;;;;;;;;;;;;;;;;;;;;;;;;;;;;;;;
;;;;;;;;;;;;;;;;;;;;;;;;;;;;;;;;;;;;;;;;;;;;;;;;;;;
;;;;;;;;;;;;;;;;;;;;;;;;;;;;;;;;;;;;;;;;;;;;;;;;;;;
;;;;;;;;;;;;;;;;;;;;;;;;;;;;;;;;;;;;;;;;;;;;;;;;;;;
;;;;;;;;;;;;;;;;;;;;;;;;;;;;;;;;;;;;;;;;;;;;;;;;;;;
;;;;;;;;;;;;;;;;;;;;;;;;;;;;;;;;;;;;;;;;;;;;;;;;;;;
;;;;;;;;;;;;;;;;;;;;;;;;;;;;;;;;;;;;;;;;;;;;;;;;;;;
;;;;;;;;;;;;;;;;;;;;;;;;;;;;;;;;;;;;;;;;;;;;;;;;;;;
