year,country_name,pib_growth
2003,Afghanistan,8.7
2004,Afghanistan,0.7
2005,Afghanistan,11.8
2006,Afghanistan,5.4
2007,Afghanistan,13.3
2008,Afghanistan,3.9
2009,Afghanistan,20.6
2010,Afghanistan,8.4
2011,Afghanistan,6.5
2012,Afghanistan,14.0
2013,Afghanistan,5.7
2014,Afghanistan,2.7
2015,Afghanistan,1.0
2016,Afghanistan,2.2
2017,Afghanistan,2.6
2018,Afghanistan,1.2
2019,Afghanistan,3.9
2020,Afghanistan,-2.4
2021,Afghanistan,-20.7
2000,Albania,6.9
2001,Albania,8.3
2002,Albania,4.5
2003,Albania,5.5
2004,Albania,5.5
2005,Albania,5.5
2006,Albania,5.9
2007,Albania,6.0
2008,Albania,7.5
2009,Albania,3.4
2010,Albania,3.7
2011,Albania,2.5
2012,Albania,1.4
2013,Albania,1.0
2014,Albania,1.8
2015,Albania,2.2
2016,Albania,3.3
2017,Albania,3.8
2018,Albania,4.0
2019,Albania,2.1
2020,Albania,-3.3
2021,Albania,8.9
2022,Albania,4.8
2023,Albania,3.6
2024,Albania,3.3
2000,Algeria,3.8
2001,Algeria,3.0
2002,Algeria,5.6
2003,Algeria,7.2
2004,Algeria,4.3
2005,Algeria,5.9
2006,Algeria,1.7
2007,Algeria,3.4
2008,Algeria,2.4
2009,Algeria,1.6
2010,Algeria,3.6
2011,Algeria,2.9
2012,Algeria,3.4
2013,Algeria,2.8
2014,Algeria,3.8
2015,Algeria,3.7
2016,Algeria,3.2
2017,Algeria,1.4
2018,Algeria,1.2
2019,Algeria,1.0
2020,Algeria,-5.1
2021,Algeria,3.4
2022,Algeria,3.2
2023,Algeria,3.8
2024,Algeria,3.1
2001,Andorra,8.1
2002,Andorra,4.5
2003,Andorra,8.7
2004,Andorra,8.1
2005,Andorra,5.4
2006,Andorra,4.8
2007,Andorra,1.6
2008,Andorra,-5.6
2009,Andorra,-5.3
2010,Andorra,-2.0
2011,Andorra,0.0
2012,Andorra,-5.0
2013,Andorra,-3.5
2014,Andorra,2.5
2015,Andorra,1.4
2016,Andorra,3.7
2017,Andorra,0.3
2018,Andorra,1.6
2019,Andorra,2.0
2020,Andorra,-11.2
2021,Andorra,8.3
2022,Andorra,8.8
2023,Andorra,2.1
2024,Andorra,1.5
2000,Angola,3.1
2001,Angola,4.2
2002,Angola,13.7
2003,Angola,3.0
2004,Angola,11.0
2005,Angola,15.0
2006,Angola,11.5
2007,Angola,14.0
2008,Angola,11.2
2009,Angola,0.9
2010,Angola,4.9
2011,Angola,3.5
2012,Angola,8.5
2013,Angola,5.0
2014,Angola,4.8
2015,Angola,0.9
2016,Angola,-2.6
2017,Angola,-0.2
2018,Angola,-1.3
2019,Angola,-0.7
2020,Angola,-5.6
2021,Angola,1.2
2022,Angola,3.0
2023,Angola,1.3
2024,Angola,3.3
2000,Antigua and Barbuda,6.2
2001,Antigua and Barbuda,-4.5
2002,Antigua and Barbuda,1.0
2003,Antigua and Barbuda,6.1
2004,Antigua and Barbuda,5.8
2005,Antigua and Barbuda,6.5
2006,Antigua and Barbuda,12.7
2007,Antigua and Barbuda,9.3
2008,Antigua and Barbuda,0.0
2009,Antigua and Barbuda,-12.0
2010,Antigua and Barbuda,-7.8
2011,Antigua and Barbuda,-2.0
2012,Antigua and Barbuda,3.4
2013,Antigua and Barbuda,-0.6
2014,Antigua and Barbuda,3.8
2015,Antigua and Barbuda,3.8
2016,Antigua and Barbuda,5.5
2017,Antigua and Barbuda,3.1
2018,Antigua and Barbuda,6.8
2019,Antigua and Barbuda,4.3
2020,Antigua and Barbuda,-17.5
2021,Antigua and Barbuda,6.6
2022,Antigua and Barbuda,8.5
2023,Antigua and Barbuda,5.6
2024,Antigua and Barbuda,5.4
2000,Argentina,-0.8
2001,Argentina,-4.4
2002,Argentina,-10.9
2003,Argentina,9.0
2004,Argentina,8.9
2005,Argentina,8.9
2006,Argentina,8.0
2007,Argentina,9.0
2008,Argentina,4.1
2009,Argentina,-5.9
2010,Argentina,10.1
2011,Argentina,6.0
2012,Argentina,-1.0
2013,Argentina,2.4
2014,Argentina,-2.5
2015,Argentina,2.7
2016,Argentina,-2.1
2017,Argentina,2.8
2018,Argentina,-2.6
2019,Argentina,-2.0
2020,Argentina,-9.9
2021,Argentina,10.7
2022,Argentina,5.0
2023,Argentina,-2.5
2024,Argentina,2.8
2000,Armenia,5.9
2001,Armenia,9.5
2002,Armenia,14.8
2003,Armenia,14.1
2004,Armenia,10.5
2005,Armenia,14.1
2006,Armenia,13.2
2007,Armenia,13.7
2008,Armenia,6.9
2009,Armenia,-14.1
2010,Armenia,2.2
2011,Armenia,4.7
2012,Armenia,7.1
2013,Armenia,3.4
2014,Armenia,3.6
2015,Armenia,3.3
2016,Armenia,0.2
2017,Armenia,7.5
2018,Armenia,5.2
2019,Armenia,7.6
2020,Armenia,-7.2
2021,Armenia,5.7
2022,Armenia,12.6
2023,Armenia,7.0
2024,Armenia,5.0
2000,Aruba,7.7
2001,Aruba,4.2
2002,Aruba,-0.9
2003,Aruba,1.1
2004,Aruba,7.3
2005,Aruba,-0.4
2006,Aruba,1.1
2007,Aruba,3.1
2008,Aruba,1.8
2009,Aruba,-11.7
2010,Aruba,-2.7
2011,Aruba,3.4
2012,Aruba,-1.0
2013,Aruba,6.4
2014,Aruba,0.0
2015,Aruba,3.6
2016,Aruba,2.1
2017,Aruba,0.7
2018,Aruba,2.4
2019,Aruba,-2.3
2020,Aruba,-24.0
2021,Aruba,27.6
2022,Aruba,10.5
2023,Aruba,2.3
2024,Aruba,1.2
2000,Australia,3.1
2001,Australia,2.7
2002,Australia,4.2
2003,Australia,3.0
2004,Australia,4.1
2005,Australia,3.0
2006,Australia,2.6
2007,Australia,4.4
2008,Australia,2.5
2009,Australia,1.9
2010,Australia,2.4
2011,Australia,2.8
2012,Australia,3.8
2013,Australia,2.2
2014,Australia,2.6
2015,Australia,2.3
2016,Australia,2.7
2017,Australia,2.4
2018,Australia,2.8
2019,Australia,1.9
2020,Australia,-1.8
2021,Australia,5.2
2022,Australia,3.7
2023,Australia,1.8
2024,Australia,1.2
2000,Austria,3.4
2001,Austria,1.3
2002,Austria,1.7
2003,Austria,0.9
2004,Austria,2.7
2005,Austria,2.2
2006,Austria,3.5
2007,Austria,3.7
2008,Austria,1.5
2009,Austria,-3.8
2010,Austria,1.8
2011,Austria,2.9
2012,Austria,0.7
2013,Austria,0.0
2014,Austria,0.7
2015,Austria,1.0
2016,Austria,2.0
2017,Austria,2.3
2018,Austria,2.4
2019,Austria,1.5
2020,Austria,-6.5
2021,Austria,4.6
2022,Austria,4.8
2023,Austria,0.1
2024,Austria,0.8
2000,Azerbaijan,6.2
2001,Azerbaijan,6.5
2002,Azerbaijan,9.4
2003,Azerbaijan,10.2
2004,Azerbaijan,9.3
2005,Azerbaijan,26.4
2006,Azerbaijan,34.5
2007,Azerbaijan,25.0
2008,Azerbaijan,10.8
2009,Azerbaijan,9.3
2010,Azerbaijan,5.0
2011,Azerbaijan,0.1
2012,Azerbaijan,2.2
2013,Azerbaijan,5.8
2014,Azerbaijan,2.8
2015,Azerbaijan,1.1
2016,Azerbaijan,-3.1
2017,Azerbaijan,0.2
2018,Azerbaijan,1.5
2019,Azerbaijan,2.5
2020,Azerbaijan,-4.2
2021,Azerbaijan,5.6
2022,Azerbaijan,4.6
2023,Azerbaijan,2.5
2024,Azerbaijan,2.5
2000,"Bahamas, The",4.1
2001,"Bahamas, The",2.6
2002,"Bahamas, The",2.7
2003,"Bahamas, The",-1.3
2004,"Bahamas, The",0.9
2005,"Bahamas, The",3.4
2006,"Bahamas, The",2.5
2007,"Bahamas, The",1.4
2008,"Bahamas, The",-2.3
2009,"Bahamas, The",-4.2
2010,"Bahamas, The",1.5
2011,"Bahamas, The",0.6
2012,"Bahamas, The",3.5
2013,"Bahamas, The",-2.9
2014,"Bahamas, The",1.8
2015,"Bahamas, The",1.0
2016,"Bahamas, The",-0.8
2017,"Bahamas, The",2.5
2018,"Bahamas, The",2.9
2019,"Bahamas, The",-0.7
2020,"Bahamas, The",-23.5
2021,"Bahamas, The",17.0
2022,"Bahamas, The",14.4
2023,"Bahamas, The",4.3
2024,"Bahamas, The",1.8
2000,Bahrain,7.0
2001,Bahrain,2.5
2002,Bahrain,3.3
2003,Bahrain,6.3
2004,Bahrain,7.0
2005,Bahrain,6.8
2006,Bahrain,6.5
2007,Bahrain,8.3
2008,Bahrain,6.2
2009,Bahrain,2.5
2010,Bahrain,4.3
2011,Bahrain,2.0
2012,Bahrain,3.7
2013,Bahrain,5.4
2014,Bahrain,4.4
2015,Bahrain,2.5
2016,Bahrain,3.6
2017,Bahrain,4.3
2018,Bahrain,2.1
2019,Bahrain,2.2
2020,Bahrain,-4.6
2021,Bahrain,2.6
2022,Bahrain,4.9
2023,Bahrain,2.7
2024,Bahrain,3.6
2000,Bangladesh,5.3
2001,Bangladesh,5.1
2002,Bangladesh,3.8
2003,Bangladesh,4.7
2004,Bangladesh,5.2
2005,Bangladesh,6.5
2006,Bangladesh,6.7
2007,Bangladesh,7.1
2008,Bangladesh,6.0
2009,Bangladesh,5.0
2010,Bangladesh,5.6
2011,Bangladesh,6.5
2012,Bangladesh,6.5
2013,Bangladesh,6.0
2014,Bangladesh,6.1
2015,Bangladesh,6.6
2016,Bangladesh,7.1
2017,Bangladesh,6.6
2018,Bangladesh,7.3
2019,Bangladesh,7.9
2020,Bangladesh,3.4
2021,Bangladesh,6.9
2022,Bangladesh,7.1
2023,Bangladesh,6.0
2024,Bangladesh,6.0
2000,Barbados,4.5
2001,Barbados,-2.4
2002,Barbados,0.8
2003,Barbados,2.2
2004,Barbados,1.4
2005,Barbados,4.0
2006,Barbados,5.7
2007,Barbados,2.2
2008,Barbados,0.7
2009,Barbados,-5.1
2010,Barbados,-2.3
2011,Barbados,-0.7
2012,Barbados,-0.4
2013,Barbados,-1.4
2014,Barbados,-0.1
2015,Barbados,2.4
2016,Barbados,2.5
2017,Barbados,0.5
2018,Barbados,-0.6
2019,Barbados,-0.5
2020,Barbados,-13.3
2021,Barbados,-0.2
2022,Barbados,9.8
2023,Barbados,4.5
2024,Barbados,3.9
2000,Belarus,5.8
2001,Belarus,4.7
2002,Belarus,5.0
2003,Belarus,7.0
2004,Belarus,11.4
2005,Belarus,9.5
2006,Belarus,10.0
2007,Belarus,8.6
2008,Belarus,10.2
2009,Belarus,0.2
2010,Belarus,7.8
2011,Belarus,5.3
2012,Belarus,1.6
2013,Belarus,1.0
2014,Belarus,1.7
2015,Belarus,-3.8
2016,Belarus,-2.5
2017,Belarus,2.5
2018,Belarus,3.1
2019,Belarus,1.4
2020,Belarus,-0.7
2021,Belarus,2.3
2022,Belarus,-3.7
2023,Belarus,1.6
2024,Belarus,1.3
2000,Belgium,3.7
2001,Belgium,1.1
2002,Belgium,1.7
2003,Belgium,1.0
2004,Belgium,3.6
2005,Belgium,2.3
2006,Belgium,2.6
2007,Belgium,3.7
2008,Belgium,0.4
2009,Belgium,-2.0
2010,Belgium,2.9
2011,Belgium,1.7
2012,Belgium,0.7
2013,Belgium,0.5
2014,Belgium,1.6
2015,Belgium,2.0
2016,Belgium,1.3
2017,Belgium,1.6
2018,Belgium,1.8
2019,Belgium,2.3
2020,Belgium,-5.4
2021,Belgium,6.3
2022,Belgium,3.2
2023,Belgium,1.0
2024,Belgium,0.9
2000,Belize,13.0
2001,Belize,5.0
2002,Belize,5.1
2003,Belize,9.3
2004,Belize,4.6
2005,Belize,2.4
2006,Belize,4.4
2007,Belize,3.3
2008,Belize,-1.5
2009,Belize,-0.4
2010,Belize,1.3
2011,Belize,-0.1
2012,Belize,3.9
2013,Belize,4.5
2014,Belize,4.1
2015,Belize,3.4
2016,Belize,0.1
2017,Belize,-1.7
2018,Belize,1.1
2019,Belize,4.5
2020,Belize,-13.4
2021,Belize,15.2
2022,Belize,12.7
2023,Belize,4.0
2024,Belize,3.0
2000,Benin,5.9
2001,Benin,5.3
2002,Benin,4.6
2003,Benin,3.4
2004,Benin,4.4
2005,Benin,1.7
2006,Benin,3.9
2007,Benin,6.0
2008,Benin,4.9
2009,Benin,2.3
2010,Benin,2.1
2011,Benin,3.0
2012,Benin,4.8
2013,Benin,7.2
2014,Benin,6.4
2015,Benin,1.8
2016,Benin,3.3
2017,Benin,5.7
2018,Benin,6.7
2019,Benin,6.9
2020,Benin,3.8
2021,Benin,7.2
2022,Benin,6.3
2023,Benin,5.5
2024,Benin,6.3
2000,Bhutan,6.9
2001,Bhutan,7.0
2002,Bhutan,9.5
2003,Bhutan,9.3
2004,Bhutan,6.9
2005,Bhutan,6.7
2006,Bhutan,7.1
2007,Bhutan,12.9
2008,Bhutan,11.0
2009,Bhutan,5.8
2010,Bhutan,9.5
2011,Bhutan,9.9
2012,Bhutan,6.5
2013,Bhutan,3.6
2014,Bhutan,4.0
2015,Bhutan,6.2
2016,Bhutan,7.4
2017,Bhutan,6.3
2018,Bhutan,3.8
2019,Bhutan,4.4
2020,Bhutan,-2.3
2021,Bhutan,-3.3
2022,Bhutan,4.8
2023,Bhutan,5.3
2024,Bhutan,3.0
2000,Bolivia,2.5
2001,Bolivia,1.7
2002,Bolivia,2.5
2003,Bolivia,2.7
2004,Bolivia,4.2
2005,Bolivia,4.4
2006,Bolivia,4.8
2007,Bolivia,4.6
2008,Bolivia,6.1
2009,Bolivia,3.4
2010,Bolivia,4.1
2011,Bolivia,5.2
2012,Bolivia,5.1
2013,Bolivia,6.8
2014,Bolivia,5.5
2015,Bolivia,4.9
2016,Bolivia,4.3
2017,Bolivia,4.2
2018,Bolivia,4.2
2019,Bolivia,2.2
2020,Bolivia,-8.7
2021,Bolivia,6.1
2022,Bolivia,3.5
2023,Bolivia,1.8
2024,Bolivia,1.8
2000,Bosnia and Herzegovina,4.4
2001,Bosnia and Herzegovina,2.4
2002,Bosnia and Herzegovina,5.1
2003,Bosnia and Herzegovina,3.9
2004,Bosnia and Herzegovina,6.3
2005,Bosnia and Herzegovina,4.2
2006,Bosnia and Herzegovina,5.7
2007,Bosnia and Herzegovina,6.0
2008,Bosnia and Herzegovina,5.6
2009,Bosnia and Herzegovina,-0.8
2010,Bosnia and Herzegovina,0.8
2011,Bosnia and Herzegovina,0.9
2012,Bosnia and Herzegovina,-0.7
2013,Bosnia and Herzegovina,2.4
2014,Bosnia and Herzegovina,1.1
2015,Bosnia and Herzegovina,4.3
2016,Bosnia and Herzegovina,3.2
2017,Bosnia and Herzegovina,3.2
2018,Bosnia and Herzegovina,3.8
2019,Bosnia and Herzegovina,2.9
2020,Bosnia and Herzegovina,-3.0
2021,Bosnia and Herzegovina,7.4
2022,Bosnia and Herzegovina,4.1
2023,Bosnia and Herzegovina,2.0
2024,Bosnia and Herzegovina,3.0
2000,Botswana,4.3
2001,Botswana,2.3
2002,Botswana,7.4
2003,Botswana,5.4
2004,Botswana,1.4
2005,Botswana,5.0
2006,Botswana,6.0
2007,Botswana,5.8
2008,Botswana,3.3
2009,Botswana,-14.1
2010,Botswana,10.1
2011,Botswana,6.8
2012,Botswana,-0.2
2013,Botswana,11.1
2014,Botswana,5.7
2015,Botswana,-4.9
2016,Botswana,7.2
2017,Botswana,4.1
2018,Botswana,4.2
2019,Botswana,3.0
2020,Botswana,-8.7
2021,Botswana,11.9
2022,Botswana,5.8
2023,Botswana,3.8
2024,Botswana,4.1
2000,Brazil,4.4
2001,Brazil,1.4
2002,Brazil,3.1
2003,Brazil,1.1
2004,Brazil,5.8
2005,Brazil,3.2
2006,Brazil,4.0
2007,Brazil,6.1
2008,Brazil,5.1
2009,Brazil,-0.1
2010,Brazil,7.5
2011,Brazil,4.0
2012,Brazil,1.9
2013,Brazil,3.0
2014,Brazil,0.5
2015,Brazil,-3.5
2016,Brazil,-3.3
2017,Brazil,1.3
2018,Brazil,1.8
2019,Brazil,1.2
2020,Brazil,-3.3
2021,Brazil,5.0
2022,Brazil,2.9
2023,Brazil,3.1
2024,Brazil,1.5
2000,Brunei Darussalam,2.9
2001,Brunei Darussalam,2.7
2002,Brunei Darussalam,3.9
2003,Brunei Darussalam,2.9
2004,Brunei Darussalam,0.5
2005,Brunei Darussalam,0.4
2006,Brunei Darussalam,4.4
2007,Brunei Darussalam,0.2
2008,Brunei Darussalam,-1.9
2009,Brunei Darussalam,-1.8
2010,Brunei Darussalam,2.6
2011,Brunei Darussalam,3.7
2012,Brunei Darussalam,0.9
2013,Brunei Darussalam,-2.1
2014,Brunei Darussalam,-2.5
2015,Brunei Darussalam,-0.4
2016,Brunei Darussalam,-2.5
2017,Brunei Darussalam,1.3
2018,Brunei Darussalam,0.1
2019,Brunei Darussalam,3.9
2020,Brunei Darussalam,1.1
2021,Brunei Darussalam,-1.6
2022,Brunei Darussalam,-1.6
2023,Brunei Darussalam,-0.8
2024,Brunei Darussalam,3.5
2000,Bulgaria,4.6
2001,Bulgaria,3.8
2002,Bulgaria,5.9
2003,Bulgaria,5.2
2004,Bulgaria,6.5
2005,Bulgaria,7.1
2006,Bulgaria,6.8
2007,Bulgaria,6.7
2008,Bulgaria,6.1
2009,Bulgaria,-3.3
2010,Bulgaria,1.5
2011,Bulgaria,2.1
2012,Bulgaria,0.8
2013,Bulgaria,-0.6
2014,Bulgaria,1.0
2015,Bulgaria,3.4
2016,Bulgaria,3.0
2017,Bulgaria,2.8
2018,Bulgaria,2.7
2019,Bulgaria,4.0
2020,Bulgaria,-4.0
2021,Bulgaria,7.6
2022,Bulgaria,3.4
2023,Bulgaria,1.7
2024,Bulgaria,3.2
2000,Burkina Faso,1.9
2001,Burkina Faso,6.6
2002,Burkina Faso,4.4
2003,Burkina Faso,7.8
2004,Burkina Faso,4.5
2005,Burkina Faso,8.7
2006,Burkina Faso,6.3
2007,Burkina Faso,4.1
2008,Burkina Faso,5.8
2009,Burkina Faso,3.0
2010,Burkina Faso,8.4
2011,Burkina Faso,6.6
2012,Burkina Faso,6.5
2013,Burkina Faso,5.8
2014,Burkina Faso,4.3
2015,Burkina Faso,3.9
2016,Burkina Faso,6.0
2017,Burkina Faso,6.2
2018,Burkina Faso,6.6
2019,Burkina Faso,5.7
2020,Burkina Faso,1.9
2021,Burkina Faso,6.9
2022,Burkina Faso,1.5
2023,Burkina Faso,4.4
2024,Burkina Faso,6.4
2000,Burundi,1.8
2001,Burundi,1.7
2002,Burundi,2.4
2003,Burundi,2.5
2004,Burundi,3.8
2005,Burundi,4.4
2006,Burundi,5.4
2007,Burundi,3.5
2008,Burundi,4.9
2009,Burundi,3.8
2010,Burundi,5.1
2011,Burundi,4.0
2012,Burundi,4.4
2013,Burundi,4.9
2014,Burundi,4.2
2015,Burundi,-3.9
2016,Burundi,-0.6
2017,Burundi,0.5
2018,Burundi,1.6
2019,Burundi,1.8
2020,Burundi,0.3
2021,Burundi,3.1
2022,Burundi,1.8
2023,Burundi,3.3
2024,Burundi,6.0
2000,Cabo Verde,7.3
2001,Cabo Verde,6.1
2002,Cabo Verde,5.3
2003,Cabo Verde,7.5
2004,Cabo Verde,4.9
2005,Cabo Verde,5.8
2006,Cabo Verde,9.1
2007,Cabo Verde,15.2
2008,Cabo Verde,7.0
2009,Cabo Verde,-1.5
2010,Cabo Verde,1.8
2011,Cabo Verde,3.9
2012,Cabo Verde,1.1
2013,Cabo Verde,0.6
2014,Cabo Verde,0.7
2015,Cabo Verde,0.9
2016,Cabo Verde,4.3
2017,Cabo Verde,4.6
2018,Cabo Verde,3.7
2019,Cabo Verde,6.9
2020,Cabo Verde,-19.6
2021,Cabo Verde,6.4
2022,Cabo Verde,17.0
2023,Cabo Verde,4.4
2024,Cabo Verde,4.5
2000,Cambodia,9.6
2001,Cambodia,8.6
2002,Cambodia,6.6
2003,Cambodia,8.5
2004,Cambodia,10.3
2005,Cambodia,13.3
2006,Cambodia,10.8
2007,Cambodia,10.2
2008,Cambodia,6.7
2009,Cambodia,0.1
2010,Cambodia,6.0
2011,Cambodia,7.1
2012,Cambodia,7.3
2013,Cambodia,7.4
2014,Cambodia,7.1
2015,Cambodia,7.0
2016,Cambodia,6.9
2017,Cambodia,7.0
2018,Cambodia,7.5
2019,Cambodia,7.1
2020,Cambodia,-3.1
2021,Cambodia,3.0
2022,Cambodia,5.2
2023,Cambodia,5.6
2024,Cambodia,6.1
2000,Cameroon,3.4
2001,Cameroon,3.4
2002,Cameroon,4.8
2003,Cameroon,5.0
2004,Cameroon,6.6
2005,Cameroon,1.2
2006,Cameroon,3.5
2007,Cameroon,4.1
2008,Cameroon,2.9
2009,Cameroon,2.6
2010,Cameroon,2.9
2011,Cameroon,3.5
2012,Cameroon,4.5
2013,Cameroon,5.0
2014,Cameroon,5.8
2015,Cameroon,5.6
2016,Cameroon,4.5
2017,Cameroon,3.5
2018,Cameroon,4.0
2019,Cameroon,3.4
2020,Cameroon,0.5
2021,Cameroon,3.6
2022,Cameroon,3.8
2023,Cameroon,4.0
2024,Cameroon,4.2
2000,Canada,5.2
2001,Canada,1.8
2002,Canada,3.0
2003,Canada,1.8
2004,Canada,3.1
2005,Canada,3.2
2006,Canada,2.6
2007,Canada,2.1
2008,Canada,1.0
2009,Canada,-2.9
2010,Canada,3.1
2011,Canada,3.1
2012,Canada,1.8
2013,Canada,2.3
2014,Canada,2.9
2015,Canada,0.7
2016,Canada,1.0
2017,Canada,3.0
2018,Canada,2.8
2019,Canada,1.9
2020,Canada,-5.1
2021,Canada,5.0
2022,Canada,3.4
2023,Canada,1.3
2024,Canada,1.6
2000,Central African Republic,-3.6
2001,Central African Republic,2.6
2002,Central African Republic,2.1
2003,Central African Republic,-2.2
2004,Central African Republic,-0.1
2005,Central African Republic,2.9
2006,Central African Republic,4.8
2007,Central African Republic,4.0
2008,Central African Republic,2.6
2009,Central African Republic,2.8
2010,Central African Republic,4.6
2011,Central African Republic,4.2
2012,Central African Republic,5.1
2013,Central African Republic,-36.4
2014,Central African Republic,0.1
2015,Central African Republic,4.3
2016,Central African Republic,4.7
2017,Central African Republic,4.5
2018,Central African Republic,3.8
2019,Central African Republic,3.0
2020,Central African Republic,1.0
2021,Central African Republic,1.0
2022,Central African Republic,0.5
2023,Central African Republic,1.0
2024,Central African Republic,2.5
2000,Chad,-0.9
2001,Chad,11.7
2002,Chad,8.5
2003,Chad,14.7
2004,Chad,33.6
2005,Chad,8.3
2006,Chad,0.6
2007,Chad,3.3
2008,Chad,3.1
2009,Chad,4.1
2010,Chad,13.6
2011,Chad,0.1
2012,Chad,8.8
2013,Chad,5.8
2014,Chad,6.9
2015,Chad,1.8
2016,Chad,-5.6
2017,Chad,-2.4
2018,Chad,2.4
2019,Chad,3.4
2020,Chad,-2.1
2021,Chad,-1.2
2022,Chad,3.4
2023,Chad,4.0
2024,Chad,3.7
2000,Chile,5.0
2001,Chile,3.2
2002,Chile,3.2
2003,Chile,4.7
2004,Chile,6.7
2005,Chile,5.8
2006,Chile,6.0
2007,Chile,5.2
2008,Chile,3.8
2009,Chile,-1.1
2010,Chile,5.9
2011,Chile,6.2
2012,Chile,6.2
2013,Chile,3.3
2014,Chile,1.8
2015,Chile,2.2
2016,Chile,1.8
2017,Chile,1.4
2018,Chile,4.0
2019,Chile,0.7
2020,Chile,-6.1
2021,Chile,11.7
2022,Chile,2.4
2023,Chile,-0.5
2024,Chile,1.6
2000,"China, People's Republic of",8.5
2001,"China, People's Republic of",8.3
2002,"China, People's Republic of",9.1
2003,"China, People's Republic of",10.0
2004,"China, People's Republic of",10.1
2005,"China, People's Republic of",11.4
2006,"China, People's Republic of",12.7
2007,"China, People's Republic of",14.2
2008,"China, People's Republic of",9.6
2009,"China, People's Republic of",9.4
2010,"China, People's Republic of",10.6
2011,"China, People's Republic of",9.6
2012,"China, People's Republic of",7.8
2013,"China, People's Republic of",7.8
2014,"China, People's Republic of",7.4
2015,"China, People's Republic of",7.0
2016,"China, People's Republic of",6.9
2017,"China, People's Republic of",6.9
2018,"China, People's Republic of",6.8
2019,"China, People's Republic of",6.0
2020,"China, People's Republic of",2.2
2021,"China, People's Republic of",8.4
2022,"China, People's Republic of",3.0
2023,"China, People's Republic of",5.0
2024,"China, People's Republic of",4.2
2000,Colombia,2.9
2001,Colombia,1.7
2002,Colombia,2.5
2003,Colombia,3.9
2004,Colombia,5.3
2005,Colombia,4.4
2006,Colombia,6.7
2007,Colombia,6.7
2008,Colombia,3.3
2009,Colombia,1.1
2010,Colombia,4.5
2011,Colombia,6.9
2012,Colombia,3.9
2013,Colombia,5.1
2014,Colombia,4.5
2015,Colombia,3.0
2016,Colombia,2.1
2017,Colombia,1.4
2018,Colombia,2.6
2019,Colombia,3.2
2020,Colombia,-7.3
2021,Colombia,11.0
2022,Colombia,7.3
2023,Colombia,1.4
2024,Colombia,2.0
2000,Comoros,-1.0
2001,Comoros,5.4
2002,Comoros,4.6
2003,Comoros,2.0
2004,Comoros,3.1
2005,Comoros,5.7
2006,Comoros,-1.8
2007,Comoros,0.8
2008,Comoros,4.0
2009,Comoros,3.2
2010,Comoros,3.8
2011,Comoros,4.1
2012,Comoros,3.2
2013,Comoros,4.5
2014,Comoros,2.1
2015,Comoros,1.1
2016,Comoros,3.3
2017,Comoros,3.8
2018,Comoros,3.6
2019,Comoros,1.8
2020,Comoros,-0.2
2021,Comoros,2.1
2022,Comoros,2.6
2023,Comoros,3.0
2024,Comoros,3.5
2000,"Congo, Dem. Rep. of the",-8.1
2001,"Congo, Dem. Rep. of the",-2.1
2002,"Congo, Dem. Rep. of the",2.9
2003,"Congo, Dem. Rep. of the",6.6
2004,"Congo, Dem. Rep. of the",7.7
2005,"Congo, Dem. Rep. of the",9.8
2006,"Congo, Dem. Rep. of the",5.1
2007,"Congo, Dem. Rep. of the",8.5
2008,"Congo, Dem. Rep. of the",7.4
2009,"Congo, Dem. Rep. of the",0.6
2010,"Congo, Dem. Rep. of the",7.8
2011,"Congo, Dem. Rep. of the",7.6
2012,"Congo, Dem. Rep. of the",8.7
2013,"Congo, Dem. Rep. of the",9.6
2014,"Congo, Dem. Rep. of the",7.3
2015,"Congo, Dem. Rep. of the",6.4
2016,"Congo, Dem. Rep. of the",0.4
2017,"Congo, Dem. Rep. of the",3.7
2018,"Congo, Dem. Rep. of the",4.8
2019,"Congo, Dem. Rep. of the",4.5
2020,"Congo, Dem. Rep. of the",1.7
2021,"Congo, Dem. Rep. of the",6.2
2022,"Congo, Dem. Rep. of the",8.9
2023,"Congo, Dem. Rep. of the",6.7
2024,"Congo, Dem. Rep. of the",4.7
2000,"Congo, Republic of ",11.8
2001,"Congo, Republic of ",-4.8
2002,"Congo, Republic of ",1.0
2003,"Congo, Republic of ",0.5
2004,"Congo, Republic of ",-0.2
2005,"Congo, Republic of ",9.2
2006,"Congo, Republic of ",8.0
2007,"Congo, Republic of ",-6.6
2008,"Congo, Republic of ",6.3
2009,"Congo, Republic of ",11.6
2010,"Congo, Republic of ",9.9
2011,"Congo, Republic of ",2.2
2012,"Congo, Republic of ",9.9
2013,"Congo, Republic of ",-0.7
2014,"Congo, Republic of ",6.7
2015,"Congo, Republic of ",-3.6
2016,"Congo, Republic of ",-5.0
2017,"Congo, Republic of ",-5.6
2018,"Congo, Republic of ",-2.3
2019,"Congo, Republic of ",1.1
2020,"Congo, Republic of ",-6.3
2021,"Congo, Republic of ",1.1
2022,"Congo, Republic of ",1.7
2023,"Congo, Republic of ",4.0
2024,"Congo, Republic of ",4.4
2000,Costa Rica,3.9
2001,Costa Rica,3.5
2002,Costa Rica,3.4
2003,Costa Rica,4.3
2004,Costa Rica,4.4
2005,Costa Rica,4.0
2006,Costa Rica,7.3
2007,Costa Rica,8.2
2008,Costa Rica,4.7
2009,Costa Rica,-0.9
2010,Costa Rica,5.4
2011,Costa Rica,4.4
2012,Costa Rica,4.9
2013,Costa Rica,2.5
2014,Costa Rica,3.5
2015,Costa Rica,3.7
2016,Costa Rica,4.2
2017,Costa Rica,4.2
2018,Costa Rica,2.6
2019,Costa Rica,2.4
2020,Costa Rica,-4.3
2021,Costa Rica,7.8
2022,Costa Rica,4.3
2023,Costa Rica,4.4
2024,Costa Rica,3.2
2000,Croatia,3.7
2001,Croatia,3.1
2002,Croatia,5.8
2003,Croatia,5.6
2004,Croatia,4.2
2005,Croatia,4.3
2006,Croatia,4.9
2007,Croatia,5.0
2008,Croatia,2.0
2009,Croatia,-7.2
2010,Croatia,-1.2
2011,Croatia,-0.1
2012,Croatia,-2.3
2013,Croatia,-0.4
2014,Croatia,-0.4
2015,Croatia,2.5
2016,Croatia,3.6
2017,Croatia,3.4
2018,Croatia,2.8
2019,Croatia,3.4
2020,Croatia,-8.5
2021,Croatia,13.1
2022,Croatia,6.2
2023,Croatia,2.7
2024,Croatia,2.6
2000,Cyprus,6.0
2001,Cyprus,4.0
2002,Cyprus,3.7
2003,Cyprus,2.6
2004,Cyprus,5.0
2005,Cyprus,4.9
2006,Cyprus,4.7
2007,Cyprus,5.1
2008,Cyprus,3.6
2009,Cyprus,-2.0
2010,Cyprus,2.3
2011,Cyprus,0.4
2012,Cyprus,-3.4
2013,Cyprus,-6.6
2014,Cyprus,-1.8
2015,Cyprus,3.4
2016,Cyprus,6.6
2017,Cyprus,5.7
2018,Cyprus,5.6
2019,Cyprus,5.5
2020,Cyprus,-4.4
2021,Cyprus,6.6
2022,Cyprus,5.6
2023,Cyprus,2.2
2024,Cyprus,2.7
2000,Czech Republic,4.0
2001,Czech Republic,3.0
2002,Czech Republic,1.6
2003,Czech Republic,3.6
2004,Czech Republic,4.8
2005,Czech Republic,6.6
2006,Czech Republic,6.8
2007,Czech Republic,5.6
2008,Czech Republic,2.7
2009,Czech Republic,-4.7
2010,Czech Republic,2.4
2011,Czech Republic,1.8
2012,Czech Republic,-0.8
2013,Czech Republic,0.0
2014,Czech Republic,2.3
2015,Czech Republic,5.4
2016,Czech Republic,2.5
2017,Czech Republic,5.2
2018,Czech Republic,3.2
2019,Czech Republic,3.0
2020,Czech Republic,-5.5
2021,Czech Republic,3.6
2022,Czech Republic,2.3
2023,Czech Republic,0.2
2024,Czech Republic,2.3
2000,Côte d'Ivoire,-2.1
2001,Côte d'Ivoire,0.1
2002,Côte d'Ivoire,-1.7
2003,Côte d'Ivoire,-1.4
2004,Côte d'Ivoire,1.2
2005,Côte d'Ivoire,1.7
2006,Côte d'Ivoire,1.5
2007,Côte d'Ivoire,1.8
2008,Côte d'Ivoire,2.5
2009,Côte d'Ivoire,3.3
2010,Côte d'Ivoire,2.0
2011,Côte d'Ivoire,-4.9
2012,Côte d'Ivoire,10.9
2013,Côte d'Ivoire,9.3
2014,Côte d'Ivoire,8.8
2015,Côte d'Ivoire,8.8
2016,Côte d'Ivoire,7.2
2017,Côte d'Ivoire,7.4
2018,Côte d'Ivoire,4.8
2019,Côte d'Ivoire,6.5
2020,Côte d'Ivoire,1.7
2021,Côte d'Ivoire,7.0
2022,Côte d'Ivoire,6.7
2023,Côte d'Ivoire,6.2
2024,Côte d'Ivoire,6.6
2000,Denmark,3.7
2001,Denmark,0.8
2002,Denmark,0.5
2003,Denmark,0.4
2004,Denmark,2.7
2005,Denmark,2.3
2006,Denmark,3.9
2007,Denmark,0.9
2008,Denmark,-0.5
2009,Denmark,-4.9
2010,Denmark,1.9
2011,Denmark,1.3
2012,Denmark,0.2
2013,Denmark,0.9
2014,Denmark,1.6
2015,Denmark,2.3
2016,Denmark,3.2
2017,Denmark,2.8
2018,Denmark,2.0
2019,Denmark,1.5
2020,Denmark,-2.4
2021,Denmark,6.8
2022,Denmark,2.7
2023,Denmark,1.7
2024,Denmark,1.4
2000,Djibouti,0.7
2001,Djibouti,1.8
2002,Djibouti,3.2
2003,Djibouti,3.2
2004,Djibouti,2.8
2005,Djibouti,3.1
2006,Djibouti,4.8
2007,Djibouti,5.0
2008,Djibouti,5.8
2009,Djibouti,1.6
2010,Djibouti,4.1
2011,Djibouti,7.3
2012,Djibouti,4.8
2013,Djibouti,5.0
2014,Djibouti,7.2
2015,Djibouti,7.3
2016,Djibouti,7.1
2017,Djibouti,5.5
2018,Djibouti,4.8
2019,Djibouti,5.5
2020,Djibouti,1.3
2021,Djibouti,4.5
2022,Djibouti,3.2
2023,Djibouti,5.0
2024,Djibouti,6.0
2000,Dominica,2.3
2001,Dominica,-0.1
2002,Dominica,-2.8
2003,Dominica,6.4
2004,Dominica,3.1
2005,Dominica,0.7
2006,Dominica,4.7
2007,Dominica,6.4
2008,Dominica,7.1
2009,Dominica,-1.2
2010,Dominica,0.7
2011,Dominica,-0.2
2012,Dominica,-1.1
2013,Dominica,-1.0
2014,Dominica,4.8
2015,Dominica,-2.7
2016,Dominica,2.8
2017,Dominica,-6.6
2018,Dominica,3.5
2019,Dominica,5.5
2020,Dominica,-16.6
2021,Dominica,6.9
2022,Dominica,5.7
2023,Dominica,4.6
2024,Dominica,4.6
2000,Dominican Republic,4.7
2001,Dominican Republic,2.5
2002,Dominican Republic,4.5
2003,Dominican Republic,-1.3
2004,Dominican Republic,2.6
2005,Dominican Republic,9.4
2006,Dominican Republic,9.2
2007,Dominican Republic,7.4
2008,Dominican Republic,3.2
2009,Dominican Republic,0.9
2010,Dominican Republic,8.3
2011,Dominican Republic,3.1
2012,Dominican Republic,2.7
2013,Dominican Republic,4.9
2014,Dominican Republic,7.1
2015,Dominican Republic,6.9
2016,Dominican Republic,6.7
2017,Dominican Republic,4.7
2018,Dominican Republic,7.0
2019,Dominican Republic,5.1
2020,Dominican Republic,-6.7
2021,Dominican Republic,12.3
2022,Dominican Republic,4.9
2023,Dominican Republic,3.0
2024,Dominican Republic,5.2
2000,Ecuador,1.1
2001,Ecuador,4.0
2002,Ecuador,4.1
2003,Ecuador,2.7
2004,Ecuador,8.2
2005,Ecuador,5.3
2006,Ecuador,4.4
2007,Ecuador,2.2
2008,Ecuador,6.4
2009,Ecuador,0.6
2010,Ecuador,3.5
2011,Ecuador,7.9
2012,Ecuador,5.6
2013,Ecuador,4.9
2014,Ecuador,3.8
2015,Ecuador,0.1
2016,Ecuador,-1.2
2017,Ecuador,2.4
2018,Ecuador,1.3
2019,Ecuador,0.0
2020,Ecuador,-7.8
2021,Ecuador,4.2
2022,Ecuador,2.9
2023,Ecuador,1.4
2024,Ecuador,1.8
2000,Egypt,5.4
2001,Egypt,3.5
2002,Egypt,3.2
2003,Egypt,3.2
2004,Egypt,4.1
2005,Egypt,4.5
2006,Egypt,6.8
2007,Egypt,7.1
2008,Egypt,7.2
2009,Egypt,4.7
2010,Egypt,5.1
2011,Egypt,1.8
2012,Egypt,2.2
2013,Egypt,3.3
2014,Egypt,2.9
2015,Egypt,4.4
2016,Egypt,4.3
2017,Egypt,4.2
2018,Egypt,5.3
2019,Egypt,5.5
2020,Egypt,3.6
2021,Egypt,3.3
2022,Egypt,6.7
2023,Egypt,4.2
2024,Egypt,3.6
2000,El Salvador,1.1
2001,El Salvador,0.9
2002,El Salvador,1.6
2003,El Salvador,1.6
2004,El Salvador,0.9
2005,El Salvador,2.7
2006,El Salvador,4.4
2007,El Salvador,1.8
2008,El Salvador,2.1
2009,El Salvador,-2.1
2010,El Salvador,2.1
2011,El Salvador,3.8
2012,El Salvador,2.8
2013,El Salvador,2.2
2014,El Salvador,1.7
2015,El Salvador,2.4
2016,El Salvador,2.5
2017,El Salvador,2.3
2018,El Salvador,2.4
2019,El Salvador,2.5
2020,El Salvador,-7.9
2021,El Salvador,11.2
2022,El Salvador,2.6
2023,El Salvador,2.2
2024,El Salvador,1.9
2000,Equatorial Guinea,110.5
2001,Equatorial Guinea,60.0
2002,Equatorial Guinea,19.6
2003,Equatorial Guinea,14.5
2004,Equatorial Guinea,30.4
2005,Equatorial Guinea,8.2
2006,Equatorial Guinea,6.5
2007,Equatorial Guinea,15.3
2008,Equatorial Guinea,17.8
2009,Equatorial Guinea,1.3
2010,Equatorial Guinea,-8.9
2011,Equatorial Guinea,6.5
2012,Equatorial Guinea,8.3
2013,Equatorial Guinea,-4.1
2014,Equatorial Guinea,0.4
2015,Equatorial Guinea,-9.1
2016,Equatorial Guinea,-8.8
2017,Equatorial Guinea,-5.7
2018,Equatorial Guinea,-6.2
2019,Equatorial Guinea,-5.5
2020,Equatorial Guinea,-4.8
2021,Equatorial Guinea,-0.4
2022,Equatorial Guinea,3.2
2023,Equatorial Guinea,-6.2
2024,Equatorial Guinea,-5.5
2000,Eritrea,-12.4
2001,Eritrea,8.8
2002,Eritrea,3.0
2003,Eritrea,-2.7
2004,Eritrea,1.5
2005,Eritrea,2.6
2006,Eritrea,-1.0
2007,Eritrea,1.4
2008,Eritrea,-19.4
2009,Eritrea,12.2
2010,Eritrea,10.9
2011,Eritrea,25.7
2012,Eritrea,1.9
2013,Eritrea,-10.5
2014,Eritrea,30.9
2015,Eritrea,-20.6
2016,Eritrea,7.4
2017,Eritrea,-10.0
2018,Eritrea,13.0
2019,Eritrea,3.8
2000,Estonia,10.1
2001,Estonia,6.0
2002,Estonia,6.8
2003,Estonia,7.6
2004,Estonia,6.8
2005,Estonia,9.5
2006,Estonia,9.8
2007,Estonia,7.6
2008,Estonia,-5.1
2009,Estonia,-14.6
2010,Estonia,2.4
2011,Estonia,7.3
2012,Estonia,3.2
2013,Estonia,1.5
2014,Estonia,3.0
2015,Estonia,1.9
2016,Estonia,3.2
2017,Estonia,5.8
2018,Estonia,3.8
2019,Estonia,4.0
2020,Estonia,-1.0
2021,Estonia,7.2
2022,Estonia,-0.5
2023,Estonia,-2.3
2024,Estonia,2.4
2000,Eswatini,1.8
2001,Eswatini,1.1
2002,Eswatini,4.4
2003,Eswatini,3.9
2004,Eswatini,3.6
2005,Eswatini,6.0
2006,Eswatini,6.0
2007,Eswatini,4.4
2008,Eswatini,0.8
2009,Eswatini,1.6
2010,Eswatini,3.8
2011,Eswatini,2.2
2012,Eswatini,5.4
2013,Eswatini,3.9
2014,Eswatini,0.9
2015,Eswatini,2.2
2016,Eswatini,1.1
2017,Eswatini,2.0
2018,Eswatini,2.4
2019,Eswatini,2.7
2020,Eswatini,-1.6
2021,Eswatini,7.9
2022,Eswatini,3.6
2023,Eswatini,3.1
2024,Eswatini,3.3
2000,Ethiopia,9.8
2001,Ethiopia,7.4
2002,Ethiopia,1.6
2003,Ethiopia,-2.1
2004,Ethiopia,11.7
2005,Ethiopia,12.6
2006,Ethiopia,11.5
2007,Ethiopia,11.8
2008,Ethiopia,11.2
2009,Ethiopia,10.0
2010,Ethiopia,10.6
2011,Ethiopia,11.4
2012,Ethiopia,8.7
2013,Ethiopia,9.9
2014,Ethiopia,10.3
2015,Ethiopia,10.4
2016,Ethiopia,8.0
2017,Ethiopia,10.2
2018,Ethiopia,7.7
2019,Ethiopia,9.0
2020,Ethiopia,6.1
2021,Ethiopia,6.3
2022,Ethiopia,6.4
2023,Ethiopia,6.1
2024,Ethiopia,6.2
2000,Fiji,-1.7
2001,Fiji,1.9
2002,Fiji,3.2
2003,Fiji,0.8
2004,Fiji,5.4
2005,Fiji,-1.3
2006,Fiji,1.9
2007,Fiji,-0.9
2008,Fiji,1.0
2009,Fiji,-1.4
2010,Fiji,3.0
2011,Fiji,2.7
2012,Fiji,1.4
2013,Fiji,4.7
2014,Fiji,5.6
2015,Fiji,4.5
2016,Fiji,2.4
2017,Fiji,5.4
2018,Fiji,3.8
2019,Fiji,-0.6
2020,Fiji,-17.0
2021,Fiji,-4.9
2022,Fiji,20.0
2023,Fiji,7.5
2024,Fiji,3.9
2000,Finland,5.8
2001,Finland,2.6
2002,Finland,1.7
2003,Finland,2.0
2004,Finland,4.0
2005,Finland,2.8
2006,Finland,4.0
2007,Finland,5.3
2008,Finland,0.8
2009,Finland,-8.1
2010,Finland,3.2
2011,Finland,2.5
2012,Finland,-1.4
2013,Finland,-0.9
2014,Finland,-0.4
2015,Finland,0.5
2016,Finland,2.8
2017,Finland,3.2
2018,Finland,1.1
2019,Finland,1.2
2020,Finland,-2.4
2021,Finland,3.2
2022,Finland,1.6
2023,Finland,-0.1
2024,Finland,1.0
2000,France,4.1
2001,France,1.9
2002,France,1.2
2003,France,0.8
2004,France,2.5
2005,France,1.7
2006,France,2.7
2007,France,2.4
2008,France,0.1
2009,France,-2.8
2010,France,1.8
2011,France,2.2
2012,France,0.4
2013,France,0.7
2014,France,1.0
2015,France,1.0
2016,France,1.0
2017,France,2.5
2018,France,1.8
2019,France,1.9
2020,France,-7.7
2021,France,6.4
2022,France,2.5
2023,France,1.0
2024,France,1.3
2000,Gabon,-1.9
2001,Gabon,2.1
2002,Gabon,0.2
2003,Gabon,1.7
2004,Gabon,1.1
2005,Gabon,-0.8
2006,Gabon,-1.9
2007,Gabon,6.3
2008,Gabon,1.7
2009,Gabon,-2.3
2010,Gabon,6.3
2011,Gabon,7.1
2012,Gabon,5.3
2013,Gabon,5.5
2014,Gabon,4.4
2015,Gabon,3.9
2016,Gabon,2.1
2017,Gabon,0.5
2018,Gabon,0.9
2019,Gabon,3.8
2020,Gabon,-1.8
2021,Gabon,1.5
2022,Gabon,3.0
2023,Gabon,2.8
2024,Gabon,2.6
2000,"Gambia, The",5.5
2001,"Gambia, The",5.8
2002,"Gambia, The",-3.2
2003,"Gambia, The",6.9
2004,"Gambia, The",7.0
2005,"Gambia, The",-2.4
2006,"Gambia, The",-0.6
2007,"Gambia, The",3.0
2008,"Gambia, The",6.3
2009,"Gambia, The",6.7
2010,"Gambia, The",5.9
2011,"Gambia, The",-8.1
2012,"Gambia, The",5.2
2013,"Gambia, The",2.9
2014,"Gambia, The",-1.4
2015,"Gambia, The",4.1
2016,"Gambia, The",1.9
2017,"Gambia, The",4.8
2018,"Gambia, The",7.2
2019,"Gambia, The",6.2
2020,"Gambia, The",0.6
2021,"Gambia, The",5.3
2022,"Gambia, The",4.9
2023,"Gambia, The",5.6
2024,"Gambia, The",6.2
2000,Georgia,1.8
2001,Georgia,4.8
2002,Georgia,5.5
2003,Georgia,11.1
2004,Georgia,5.8
2005,Georgia,9.6
2006,Georgia,9.4
2007,Georgia,12.6
2008,Georgia,2.4
2009,Georgia,-3.7
2010,Georgia,6.2
2011,Georgia,7.4
2012,Georgia,6.4
2013,Georgia,3.6
2014,Georgia,4.4
2015,Georgia,3.0
2016,Georgia,2.9
2017,Georgia,4.8
2018,Georgia,4.8
2019,Georgia,5.0
2020,Georgia,-6.8
2021,Georgia,10.5
2022,Georgia,10.1
2023,Georgia,6.2
2024,Georgia,4.8
2000,Germany,2.9
2001,Germany,1.7
2002,Germany,-0.2
2003,Germany,-0.7
2004,Germany,1.2
2005,Germany,0.7
2006,Germany,3.8
2007,Germany,3.0
2008,Germany,1.0
2009,Germany,-5.7
2010,Germany,4.2
2011,Germany,3.9
2012,Germany,0.4
2013,Germany,0.4
2014,Germany,2.2
2015,Germany,1.5
2016,Germany,2.2
2017,Germany,2.7
2018,Germany,1.0
2019,Germany,1.1
2020,Germany,-3.8
2021,Germany,3.2
2022,Germany,1.8
2023,Germany,-0.5
2024,Germany,0.9
2000,Ghana,3.6
2001,Ghana,3.8
2002,Ghana,4.6
2003,Ghana,5.1
2004,Ghana,5.4
2005,Ghana,6.2
2006,Ghana,5.8
2007,Ghana,4.1
2008,Ghana,9.0
2009,Ghana,5.7
2010,Ghana,7.8
2011,Ghana,13.9
2012,Ghana,8.4
2013,Ghana,7.2
2014,Ghana,2.9
2015,Ghana,2.1
2016,Ghana,3.4
2017,Ghana,8.1
2018,Ghana,6.2
2019,Ghana,6.5
2020,Ghana,0.5
2021,Ghana,5.1
2022,Ghana,3.1
2023,Ghana,1.2
2024,Ghana,2.7
2000,Greece,3.9
2001,Greece,4.1
2002,Greece,3.9
2003,Greece,5.8
2004,Greece,5.1
2005,Greece,0.6
2006,Greece,5.7
2007,Greece,3.3
2008,Greece,-0.3
2009,Greece,-4.3
2010,Greece,-5.5
2011,Greece,-10.1
2012,Greece,-7.1
2013,Greece,-2.5
2014,Greece,0.5
2015,Greece,-0.2
2016,Greece,-0.5
2017,Greece,1.1
2018,Greece,1.7
2019,Greece,1.9
2020,Greece,-9.0
2021,Greece,8.4
2022,Greece,5.9
2023,Greece,2.5
2024,Greece,2.0
2000,Grenada,5.1
2001,Grenada,-2.0
2002,Grenada,3.4
2003,Grenada,9.5
2004,Grenada,-0.6
2005,Grenada,13.3
2006,Grenada,-4.0
2007,Grenada,6.1
2008,Grenada,0.9
2009,Grenada,-6.6
2010,Grenada,-0.5
2011,Grenada,0.8
2012,Grenada,-1.2
2013,Grenada,2.4
2014,Grenada,7.3
2015,Grenada,6.4
2016,Grenada,3.7
2017,Grenada,4.4
2018,Grenada,4.4
2019,Grenada,0.7
2020,Grenada,-13.8
2021,Grenada,4.7
2022,Grenada,6.4
2023,Grenada,3.9
2024,Grenada,3.8
2000,Guatemala,2.5
2001,Guatemala,3.1
2002,Guatemala,3.8
2003,Guatemala,2.6
2004,Guatemala,3.1
2005,Guatemala,3.3
2006,Guatemala,5.4
2007,Guatemala,6.3
2008,Guatemala,3.3
2009,Guatemala,0.5
2010,Guatemala,2.9
2011,Guatemala,4.2
2012,Guatemala,3.0
2013,Guatemala,3.7
2014,Guatemala,4.4
2015,Guatemala,4.1
2016,Guatemala,2.7
2017,Guatemala,3.1
2018,Guatemala,3.4
2019,Guatemala,4.0
2020,Guatemala,-1.8
2021,Guatemala,8.0
2022,Guatemala,4.1
2023,Guatemala,3.4
2024,Guatemala,3.5
2000,Guinea,2.5
2001,Guinea,3.7
2002,Guinea,5.2
2003,Guinea,1.2
2004,Guinea,2.3
2005,Guinea,3.0
2006,Guinea,2.5
2007,Guinea,6.5
2008,Guinea,4.1
2009,Guinea,-1.5
2010,Guinea,4.2
2011,Guinea,5.6
2012,Guinea,5.9
2013,Guinea,3.9
2014,Guinea,3.7
2015,Guinea,3.8
2016,Guinea,10.8
2017,Guinea,10.3
2018,Guinea,6.4
2019,Guinea,5.6
2020,Guinea,4.7
2021,Guinea,5.0
2022,Guinea,4.3
2023,Guinea,5.9
2024,Guinea,5.6
2000,Guinea-Bissau,1.1
2001,Guinea-Bissau,4.8
2002,Guinea-Bissau,3.7
2003,Guinea-Bissau,-0.3
2004,Guinea-Bissau,1.2
2005,Guinea-Bissau,6.6
2006,Guinea-Bissau,2.7
2007,Guinea-Bissau,2.6
2008,Guinea-Bissau,4.5
2009,Guinea-Bissau,2.4
2010,Guinea-Bissau,5.6
2011,Guinea-Bissau,8.1
2012,Guinea-Bissau,-1.7
2013,Guinea-Bissau,3.3
2014,Guinea-Bissau,1.0
2015,Guinea-Bissau,6.1
2016,Guinea-Bissau,5.3
2017,Guinea-Bissau,4.8
2018,Guinea-Bissau,3.8
2019,Guinea-Bissau,4.5
2020,Guinea-Bissau,1.5
2021,Guinea-Bissau,6.4
2022,Guinea-Bissau,4.2
2023,Guinea-Bissau,4.5
2024,Guinea-Bissau,5.0
2000,Guyana,-1.3
2001,Guyana,2.3
2002,Guyana,1.1
2003,Guyana,-0.7
2004,Guyana,1.6
2005,Guyana,-1.9
2006,Guyana,5.1
2007,Guyana,7.0
2008,Guyana,2.0
2009,Guyana,3.3
2010,Guyana,4.4
2011,Guyana,5.4
2012,Guyana,5.0
2013,Guyana,3.7
2014,Guyana,1.7
2015,Guyana,0.7
2016,Guyana,3.8
2017,Guyana,3.7
2018,Guyana,4.4
2019,Guyana,5.4
2020,Guyana,43.5
2021,Guyana,20.1
2022,Guyana,62.3
2023,Guyana,38.4
2024,Guyana,26.6
2000,Haiti,0.9
2001,Haiti,-0.3
2002,Haiti,1.1
2003,Haiti,3.5
2004,Haiti,-1.3
2005,Haiti,3.1
2006,Haiti,1.8
2007,Haiti,4.7
2008,Haiti,2.7
2009,Haiti,5.9
2010,Haiti,-5.7
2011,Haiti,5.1
2012,Haiti,0.5
2013,Haiti,4.3
2014,Haiti,1.7
2015,Haiti,2.6
2016,Haiti,1.8
2017,Haiti,2.5
2018,Haiti,1.7
2019,Haiti,-1.7
2020,Haiti,-3.3
2021,Haiti,-1.8
2022,Haiti,-1.7
2023,Haiti,-1.5
2024,Haiti,1.4
2000,Honduras,7.3
2001,Honduras,2.7
2002,Honduras,3.8
2003,Honduras,4.5
2004,Honduras,6.2
2005,Honduras,6.1
2006,Honduras,6.6
2007,Honduras,6.2
2008,Honduras,4.2
2009,Honduras,-2.4
2010,Honduras,3.7
2011,Honduras,3.8
2012,Honduras,4.1
2013,Honduras,2.8
2014,Honduras,3.1
2015,Honduras,3.8
2016,Honduras,3.9
2017,Honduras,4.8
2018,Honduras,3.8
2019,Honduras,2.7
2020,Honduras,-9.0
2021,Honduras,12.5
2022,Honduras,4.0
2023,Honduras,2.9
2024,Honduras,3.2
2000,Hong Kong SAR,7.7
2001,Hong Kong SAR,0.6
2002,Hong Kong SAR,1.7
2003,Hong Kong SAR,3.1
2004,Hong Kong SAR,8.7
2005,Hong Kong SAR,7.4
2006,Hong Kong SAR,7.0
2007,Hong Kong SAR,6.5
2008,Hong Kong SAR,2.1
2009,Hong Kong SAR,-2.5
2010,Hong Kong SAR,6.8
2011,Hong Kong SAR,4.8
2012,Hong Kong SAR,1.7
2013,Hong Kong SAR,3.1
2014,Hong Kong SAR,2.8
2015,Hong Kong SAR,2.4
2016,Hong Kong SAR,2.2
2017,Hong Kong SAR,3.8
2018,Hong Kong SAR,2.8
2019,Hong Kong SAR,-1.7
2020,Hong Kong SAR,-6.5
2021,Hong Kong SAR,6.4
2022,Hong Kong SAR,-3.5
2023,Hong Kong SAR,4.4
2024,Hong Kong SAR,2.9
2000,Hungary,4.5
2001,Hungary,4.1
2002,Hungary,4.7
2003,Hungary,4.1
2004,Hungary,5.0
2005,Hungary,4.3
2006,Hungary,3.9
2007,Hungary,0.3
2008,Hungary,1.0
2009,Hungary,-6.6
2010,Hungary,1.1
2011,Hungary,1.9
2012,Hungary,-1.3
2013,Hungary,1.8
2014,Hungary,4.2
2015,Hungary,3.7
2016,Hungary,2.2
2017,Hungary,4.3
2018,Hungary,5.4
2019,Hungary,4.9
2020,Hungary,-4.5
2021,Hungary,7.2
2022,Hungary,4.6
2023,Hungary,-0.3
2024,Hungary,3.1
2000,Iceland,5.0
2001,Iceland,4.0
2002,Iceland,0.6
2003,Iceland,2.1
2004,Iceland,7.8
2005,Iceland,6.1
2006,Iceland,6.3
2007,Iceland,8.5
2008,Iceland,2.2
2009,Iceland,-7.7
2010,Iceland,-2.8
2011,Iceland,1.8
2012,Iceland,1.1
2013,Iceland,4.6
2014,Iceland,1.7
2015,Iceland,4.4
2016,Iceland,6.3
2017,Iceland,4.2
2018,Iceland,4.9
2019,Iceland,1.9
2020,Iceland,-7.2
2021,Iceland,4.5
2022,Iceland,7.2
2023,Iceland,3.3
2024,Iceland,1.7
2000,India,4.0
2001,India,4.9
2002,India,3.9
2003,India,7.9
2004,India,7.8
2005,India,9.3
2006,India,9.3
2007,India,9.8
2008,India,3.9
2009,India,8.5
2010,India,10.3
2011,India,6.6
2012,India,5.5
2013,India,6.4
2014,India,7.4
2015,India,8.0
2016,India,8.3
2017,India,6.8
2018,India,6.5
2019,India,3.9
2020,India,-5.8
2021,India,9.1
2022,India,7.2
2023,India,6.3
2024,India,6.3
2000,Indonesia,5.0
2001,Indonesia,3.6
2002,Indonesia,4.5
2003,Indonesia,4.8
2004,Indonesia,5.0
2005,Indonesia,5.7
2006,Indonesia,5.5
2007,Indonesia,6.3
2008,Indonesia,7.4
2009,Indonesia,4.7
2010,Indonesia,6.4
2011,Indonesia,6.2
2012,Indonesia,6.0
2013,Indonesia,5.6
2014,Indonesia,5.0
2015,Indonesia,4.9
2016,Indonesia,5.0
2017,Indonesia,5.1
2018,Indonesia,5.2
2019,Indonesia,5.0
2020,Indonesia,-2.1
2021,Indonesia,3.7
2022,Indonesia,5.3
2023,Indonesia,5.0
2024,Indonesia,5.0
2000,Iran,5.8
2001,Iran,2.4
2002,Iran,8.1
2003,Iran,8.6
2004,Iran,4.3
2005,Iran,3.2
2006,Iran,5.0
2007,Iran,8.2
2008,Iran,0.3
2009,Iran,1.0
2010,Iran,5.8
2011,Iran,2.6
2012,Iran,-3.7
2013,Iran,-1.5
2014,Iran,5.0
2015,Iran,-1.4
2016,Iran,8.8
2017,Iran,2.8
2018,Iran,-1.8
2019,Iran,-3.1
2020,Iran,3.3
2021,Iran,4.7
2022,Iran,3.8
2023,Iran,3.0
2024,Iran,2.5
2000,Iraq,-4.3
2001,Iraq,-6.6
2002,Iraq,-7.8
2003,Iraq,81.8
2004,Iraq,53.4
2005,Iraq,1.7
2006,Iraq,5.6
2007,Iraq,1.9
2008,Iraq,8.2
2009,Iraq,3.4
2010,Iraq,6.4
2011,Iraq,7.5
2012,Iraq,13.9
2013,Iraq,7.6
2014,Iraq,0.7
2015,Iraq,2.5
2016,Iraq,15.2
2017,Iraq,-3.4
2018,Iraq,4.7
2019,Iraq,5.4
2020,Iraq,-12.1
2021,Iraq,1.6
2022,Iraq,7.0
2023,Iraq,-2.7
2024,Iraq,2.9
2000,Ireland,9.4
2001,Ireland,5.3
2002,Ireland,5.9
2003,Ireland,3.0
2004,Ireland,6.8
2005,Ireland,5.7
2006,Ireland,5.0
2007,Ireland,5.3
2008,Ireland,-4.5
2009,Ireland,-5.1
2010,Ireland,1.7
2011,Ireland,1.3
2012,Ireland,-0.1
2013,Ireland,1.2
2014,Ireland,8.8
2015,Ireland,24.5
2016,Ireland,1.8
2017,Ireland,9.3
2018,Ireland,8.5
2019,Ireland,5.3
2020,Ireland,6.6
2021,Ireland,15.1
2022,Ireland,9.4
2023,Ireland,2.0
2024,Ireland,3.3
2000,Israel,8.7
2001,Israel,0.3
2002,Israel,-0.1
2003,Israel,1.4
2004,Israel,4.8
2005,Israel,4.1
2006,Israel,5.6
2007,Israel,6.0
2008,Israel,3.3
2009,Israel,0.9
2010,Israel,5.7
2011,Israel,5.6
2012,Israel,2.7
2013,Israel,4.2
2014,Israel,3.9
2015,Israel,2.3
2016,Israel,4.4
2017,Israel,4.3
2018,Israel,4.1
2019,Israel,3.8
2020,Israel,-1.5
2021,Israel,9.3
2022,Israel,6.5
2023,Israel,3.1
2024,Israel,3.0
2000,Italy,3.8
2001,Italy,2.0
2002,Italy,0.3
2003,Italy,0.1
2004,Italy,1.4
2005,Italy,0.8
2006,Italy,1.8
2007,Italy,1.5
2008,Italy,-1.0
2009,Italy,-5.3
2010,Italy,1.7
2011,Italy,0.7
2012,Italy,-3.0
2013,Italy,-1.8
2014,Italy,0.0
2015,Italy,0.8
2016,Italy,1.3
2017,Italy,1.7
2018,Italy,0.9
2019,Italy,0.5
2020,Italy,-9.0
2021,Italy,7.0
2022,Italy,3.7
2023,Italy,0.7
2024,Italy,0.7
2000,Jamaica,0.8
2001,Jamaica,1.3
2002,Jamaica,0.7
2003,Jamaica,3.7
2004,Jamaica,1.3
2005,Jamaica,0.9
2006,Jamaica,2.9
2007,Jamaica,1.4
2008,Jamaica,-0.8
2009,Jamaica,-3.4
2010,Jamaica,-1.4
2011,Jamaica,1.4
2012,Jamaica,-0.5
2013,Jamaica,0.2
2014,Jamaica,0.6
2015,Jamaica,0.9
2016,Jamaica,1.5
2017,Jamaica,0.7
2018,Jamaica,1.8
2019,Jamaica,1.0
2020,Jamaica,-9.9
2021,Jamaica,4.6
2022,Jamaica,5.2
2023,Jamaica,2.0
2024,Jamaica,1.8
2000,Japan,2.8
2001,Japan,0.4
2002,Japan,0.0
2003,Japan,1.5
2004,Japan,2.2
2005,Japan,1.8
2006,Japan,1.4
2007,Japan,1.5
2008,Japan,-1.2
2009,Japan,-5.7
2010,Japan,4.1
2011,Japan,0.0
2012,Japan,1.4
2013,Japan,2.0
2014,Japan,0.3
2015,Japan,1.6
2016,Japan,0.8
2017,Japan,1.7
2018,Japan,0.6
2019,Japan,-0.4
2020,Japan,-4.2
2021,Japan,2.2
2022,Japan,1.0
2023,Japan,2.0
2024,Japan,1.0
2000,Jordan,4.2
2001,Jordan,5.0
2002,Jordan,6.6
2003,Jordan,4.0
2004,Jordan,8.3
2005,Jordan,8.8
2006,Jordan,8.5
2007,Jordan,8.4
2008,Jordan,7.4
2009,Jordan,5.0
2010,Jordan,2.3
2011,Jordan,2.7
2012,Jordan,2.4
2013,Jordan,2.6
2014,Jordan,3.4
2015,Jordan,2.5
2016,Jordan,2.0
2017,Jordan,2.5
2018,Jordan,1.9
2019,Jordan,1.8
2020,Jordan,-1.6
2021,Jordan,2.2
2022,Jordan,2.5
2023,Jordan,2.6
2024,Jordan,2.7
2000,Kazakhstan,9.8
2001,Kazakhstan,13.5
2002,Kazakhstan,9.8
2003,Kazakhstan,9.3
2004,Kazakhstan,9.6
2005,Kazakhstan,9.7
2006,Kazakhstan,10.7
2007,Kazakhstan,8.9
2008,Kazakhstan,3.3
2009,Kazakhstan,1.2
2010,Kazakhstan,7.3
2011,Kazakhstan,7.5
2012,Kazakhstan,5.0
2013,Kazakhstan,5.9
2014,Kazakhstan,4.3
2015,Kazakhstan,1.0
2016,Kazakhstan,0.9
2017,Kazakhstan,3.9
2018,Kazakhstan,4.1
2019,Kazakhstan,4.5
2020,Kazakhstan,-2.6
2021,Kazakhstan,4.1
2022,Kazakhstan,3.3
2023,Kazakhstan,4.6
2024,Kazakhstan,4.2
2000,Kenya,0.3
2001,Kenya,4.0
2002,Kenya,0.5
2003,Kenya,2.9
2004,Kenya,4.6
2005,Kenya,5.7
2006,Kenya,5.9
2007,Kenya,6.9
2008,Kenya,0.2
2009,Kenya,3.3
2010,Kenya,8.1
2011,Kenya,5.1
2012,Kenya,4.6
2013,Kenya,3.8
2014,Kenya,5.0
2015,Kenya,5.0
2016,Kenya,4.2
2017,Kenya,3.8
2018,Kenya,5.7
2019,Kenya,5.1
2020,Kenya,-0.3
2021,Kenya,7.6
2022,Kenya,4.8
2023,Kenya,5.0
2024,Kenya,5.3
2000,Kiribati,6.0
2001,Kiribati,-1.4
2002,Kiribati,4.0
2003,Kiribati,2.0
2004,Kiribati,-1.6
2005,Kiribati,5.0
2006,Kiribati,0.0
2007,Kiribati,2.0
2008,Kiribati,-2.1
2009,Kiribati,0.8
2010,Kiribati,-1.1
2011,Kiribati,1.8
2012,Kiribati,5.1
2013,Kiribati,4.2
2014,Kiribati,-1.1
2015,Kiribati,9.9
2016,Kiribati,-0.5
2017,Kiribati,-0.1
2018,Kiribati,5.3
2019,Kiribati,-2.1
2020,Kiribati,-1.4
2021,Kiribati,7.9
2022,Kiribati,1.2
2023,Kiribati,2.6
2024,Kiribati,2.4
2000,"Korea, Republic of",9.1
2001,"Korea, Republic of",4.9
2002,"Korea, Republic of",7.7
2003,"Korea, Republic of",3.1
2004,"Korea, Republic of",5.2
2005,"Korea, Republic of",4.3
2006,"Korea, Republic of",5.3
2007,"Korea, Republic of",5.8
2008,"Korea, Republic of",3.0
2009,"Korea, Republic of",0.8
2010,"Korea, Republic of",6.8
2011,"Korea, Republic of",3.7
2012,"Korea, Republic of",2.4
2013,"Korea, Republic of",3.2
2014,"Korea, Republic of",3.2
2015,"Korea, Republic of",2.8
2016,"Korea, Republic of",2.9
2017,"Korea, Republic of",3.2
2018,"Korea, Republic of",2.9
2019,"Korea, Republic of",2.2
2020,"Korea, Republic of",-0.7
2021,"Korea, Republic of",4.3
2022,"Korea, Republic of",2.6
2023,"Korea, Republic of",1.4
2024,"Korea, Republic of",2.2
2001,Kosovo,4.6
2002,Kosovo,-0.4
2003,Kosovo,2.6
2004,Kosovo,0.6
2005,Kosovo,4.5
2006,Kosovo,3.6
2007,Kosovo,8.3
2008,Kosovo,1.8
2009,Kosovo,5.0
2010,Kosovo,4.9
2011,Kosovo,6.3
2012,Kosovo,1.7
2013,Kosovo,5.3
2014,Kosovo,3.3
2015,Kosovo,5.9
2016,Kosovo,5.6
2017,Kosovo,4.8
2018,Kosovo,3.4
2019,Kosovo,4.8
2020,Kosovo,-5.3
2021,Kosovo,10.7
2022,Kosovo,3.5
2023,Kosovo,3.8
2024,Kosovo,4.0
2000,Kuwait,4.7
2001,Kuwait,0.2
2002,Kuwait,3.0
2003,Kuwait,17.3
2004,Kuwait,10.2
2005,Kuwait,10.6
2006,Kuwait,7.5
2007,Kuwait,6.0
2008,Kuwait,2.5
2009,Kuwait,-7.1
2010,Kuwait,-2.4
2011,Kuwait,9.6
2012,Kuwait,6.6
2013,Kuwait,1.1
2014,Kuwait,0.5
2015,Kuwait,0.6
2016,Kuwait,2.9
2017,Kuwait,-4.7
2018,Kuwait,2.4
2019,Kuwait,-0.6
2020,Kuwait,-8.9
2021,Kuwait,1.1
2022,Kuwait,8.9
2023,Kuwait,-0.6
2024,Kuwait,3.6
2000,Kyrgyz Republic,5.4
2001,Kyrgyz Republic,5.3
2002,Kyrgyz Republic,0.0
2003,Kyrgyz Republic,7.0
2004,Kyrgyz Republic,7.0
2005,Kyrgyz Republic,-0.2
2006,Kyrgyz Republic,3.1
2007,Kyrgyz Republic,8.5
2008,Kyrgyz Republic,7.6
2009,Kyrgyz Republic,2.9
2010,Kyrgyz Republic,-0.5
2011,Kyrgyz Republic,6.0
2012,Kyrgyz Republic,-0.1
2013,Kyrgyz Republic,10.9
2014,Kyrgyz Republic,4.0
2015,Kyrgyz Republic,3.9
2016,Kyrgyz Republic,4.3
2017,Kyrgyz Republic,4.7
2018,Kyrgyz Republic,3.5
2019,Kyrgyz Republic,4.6
2020,Kyrgyz Republic,-7.1
2021,Kyrgyz Republic,5.5
2022,Kyrgyz Republic,6.3
2023,Kyrgyz Republic,3.4
2024,Kyrgyz Republic,4.3
2000,Lao P.D.R.,6.4
2001,Lao P.D.R.,4.8
2002,Lao P.D.R.,6.8
2003,Lao P.D.R.,6.2
2004,Lao P.D.R.,7.2
2005,Lao P.D.R.,6.9
2006,Lao P.D.R.,9.0
2007,Lao P.D.R.,7.9
2008,Lao P.D.R.,7.8
2009,Lao P.D.R.,7.4
2010,Lao P.D.R.,8.0
2011,Lao P.D.R.,8.0
2012,Lao P.D.R.,7.8
2013,Lao P.D.R.,8.0
2014,Lao P.D.R.,7.6
2015,Lao P.D.R.,7.3
2016,Lao P.D.R.,7.0
2017,Lao P.D.R.,6.9
2018,Lao P.D.R.,6.3
2019,Lao P.D.R.,4.7
2020,Lao P.D.R.,-0.4
2021,Lao P.D.R.,2.1
2022,Lao P.D.R.,2.3
2023,Lao P.D.R.,4.0
2024,Lao P.D.R.,4.0
2000,Latvia,5.7
2001,Latvia,6.3
2002,Latvia,7.1
2003,Latvia,8.4
2004,Latvia,8.3
2005,Latvia,10.7
2006,Latvia,12.0
2007,Latvia,9.9
2008,Latvia,-3.2
2009,Latvia,-14.3
2010,Latvia,-4.5
2011,Latvia,2.6
2012,Latvia,7.0
2013,Latvia,2.0
2014,Latvia,1.9
2015,Latvia,3.9
2016,Latvia,2.4
2017,Latvia,3.3
2018,Latvia,4.0
2019,Latvia,2.6
2020,Latvia,-2.3
2021,Latvia,4.3
2022,Latvia,2.8
2023,Latvia,0.5
2024,Latvia,2.6
2000,Lebanon,1.1
2001,Lebanon,3.9
2002,Lebanon,3.4
2003,Lebanon,1.7
2004,Lebanon,7.5
2005,Lebanon,0.7
2006,Lebanon,1.5
2007,Lebanon,9.3
2008,Lebanon,9.1
2009,Lebanon,10.2
2010,Lebanon,8.0
2011,Lebanon,0.9
2012,Lebanon,2.6
2013,Lebanon,3.8
2014,Lebanon,2.5
2015,Lebanon,0.5
2016,Lebanon,1.6
2017,Lebanon,0.9
2018,Lebanon,-1.9
2019,Lebanon,-6.9
2020,Lebanon,-25.9
2021,Lebanon,-10.0
2022,Lebanon,0.0
2000,Lesotho,4.0
2001,Lesotho,3.3
2002,Lesotho,2.4
2003,Lesotho,4.2
2004,Lesotho,2.1
2005,Lesotho,3.3
2006,Lesotho,4.2
2007,Lesotho,4.2
2008,Lesotho,3.8
2009,Lesotho,0.4
2010,Lesotho,5.1
2011,Lesotho,5.1
2012,Lesotho,5.1
2013,Lesotho,1.8
2014,Lesotho,2.1
2015,Lesotho,3.2
2016,Lesotho,1.9
2017,Lesotho,-2.7
2018,Lesotho,-1.3
2019,Lesotho,-2.0
2020,Lesotho,-3.9
2021,Lesotho,1.8
2022,Lesotho,2.1
2023,Lesotho,2.1
2024,Lesotho,2.3
2001,Liberia,2.8
2002,Liberia,4.4
2003,Liberia,-29.0
2004,Liberia,4.0
2005,Liberia,5.9
2006,Liberia,8.5
2007,Liberia,13.1
2008,Liberia,6.1
2009,Liberia,5.2
2010,Liberia,6.4
2011,Liberia,7.7
2012,Liberia,8.4
2013,Liberia,8.8
2014,Liberia,0.7
2015,Liberia,0.0
2016,Liberia,-1.6
2017,Liberia,2.5
2018,Liberia,1.2
2019,Liberia,-2.5
2020,Liberia,-3.0
2021,Liberia,5.0
2022,Liberia,4.8
2023,Liberia,4.6
2024,Liberia,5.3
2000,Libya,4.0
2001,Libya,2.6
2002,Libya,-3.7
2003,Libya,16.1
2004,Libya,5.8
2005,Libya,10.6
2006,Libya,0.3
2007,Libya,6.2
2008,Libya,-0.2
2009,Libya,-4.4
2010,Libya,5.0
2011,Libya,-50.3
2012,Libya,86.8
2013,Libya,-18.0
2014,Libya,-23.0
2015,Libya,-0.8
2016,Libya,-1.5
2017,Libya,32.5
2018,Libya,7.9
2019,Libya,-11.2
2020,Libya,-29.5
2021,Libya,28.3
2022,Libya,-9.6
2023,Libya,12.5
2024,Libya,7.5
2000,Lithuania,3.7
2001,Lithuania,6.5
2002,Lithuania,6.8
2003,Lithuania,10.6
2004,Lithuania,6.6
2005,Lithuania,7.7
2006,Lithuania,7.4
2007,Lithuania,11.1
2008,Lithuania,2.6
2009,Lithuania,-14.8
2010,Lithuania,1.7
2011,Lithuania,6.0
2012,Lithuania,3.8
2013,Lithuania,3.6
2014,Lithuania,3.5
2015,Lithuania,2.0
2016,Lithuania,2.5
2017,Lithuania,4.3
2018,Lithuania,4.0
2019,Lithuania,4.6
2020,Lithuania,0.0
2021,Lithuania,6.0
2022,Lithuania,1.9
2023,Lithuania,-0.2
2024,Lithuania,2.7
2000,Luxembourg,8.4
2001,Luxembourg,3.1
2002,Luxembourg,3.2
2003,Luxembourg,2.6
2004,Luxembourg,4.2
2005,Luxembourg,2.5
2006,Luxembourg,6.0
2007,Luxembourg,8.1
2008,Luxembourg,-0.3
2009,Luxembourg,-3.2
2010,Luxembourg,3.8
2011,Luxembourg,1.0
2012,Luxembourg,1.6
2013,Luxembourg,3.2
2014,Luxembourg,2.6
2015,Luxembourg,2.3
2016,Luxembourg,5.0
2017,Luxembourg,1.3
2018,Luxembourg,1.2
2019,Luxembourg,2.9
2020,Luxembourg,-0.9
2021,Luxembourg,7.2
2022,Luxembourg,1.4
2023,Luxembourg,-0.4
2024,Luxembourg,1.5
2002,Macao SAR,8.9
2003,Macao SAR,11.6
2004,Macao SAR,26.6
2005,Macao SAR,8.1
2006,Macao SAR,13.4
2007,Macao SAR,14.5
2008,Macao SAR,3.4
2009,Macao SAR,1.3
2010,Macao SAR,25.1
2011,Macao SAR,21.6
2012,Macao SAR,9.2
2013,Macao SAR,10.8
2014,Macao SAR,-2.0
2015,Macao SAR,-21.5
2016,Macao SAR,-0.7
2017,Macao SAR,10.0
2018,Macao SAR,6.5
2019,Macao SAR,-2.5
2020,Macao SAR,-54.2
2021,Macao SAR,19.3
2022,Macao SAR,-26.8
2023,Macao SAR,74.4
2024,Macao SAR,27.2
2000,Madagascar,4.5
2001,Madagascar,6.0
2002,Madagascar,-12.4
2003,Madagascar,9.8
2004,Madagascar,5.3
2005,Madagascar,4.8
2006,Madagascar,5.4
2007,Madagascar,5.7
2008,Madagascar,6.7
2009,Madagascar,-4.0
2010,Madagascar,0.6
2011,Madagascar,1.6
2012,Madagascar,3.0
2013,Madagascar,2.3
2014,Madagascar,3.3
2015,Madagascar,3.1
2016,Madagascar,4.0
2017,Madagascar,3.9
2018,Madagascar,3.2
2019,Madagascar,4.4
2020,Madagascar,-7.1
2021,Madagascar,5.7
2022,Madagascar,4.0
2023,Madagascar,4.0
2024,Madagascar,4.8
2000,Malawi,0.8
2001,Malawi,-4.1
2002,Malawi,1.8
2003,Malawi,5.7
2004,Malawi,5.4
2005,Malawi,3.3
2006,Malawi,4.7
2007,Malawi,9.6
2008,Malawi,7.6
2009,Malawi,8.3
2010,Malawi,6.9
2011,Malawi,4.9
2012,Malawi,1.9
2013,Malawi,5.2
2014,Malawi,5.7
2015,Malawi,3.0
2016,Malawi,2.3
2017,Malawi,4.0
2018,Malawi,4.4
2019,Malawi,5.4
2020,Malawi,0.9
2021,Malawi,4.6
2022,Malawi,0.8
2023,Malawi,1.7
2024,Malawi,3.3
2000,Malaysia,8.7
2001,Malaysia,0.5
2002,Malaysia,5.4
2003,Malaysia,5.8
2004,Malaysia,6.8
2005,Malaysia,5.0
2006,Malaysia,5.6
2007,Malaysia,6.3
2008,Malaysia,4.8
2009,Malaysia,-1.5
2010,Malaysia,7.5
2011,Malaysia,5.3
2012,Malaysia,5.5
2013,Malaysia,4.7
2014,Malaysia,6.0
2015,Malaysia,5.0
2016,Malaysia,4.4
2017,Malaysia,5.8
2018,Malaysia,4.8
2019,Malaysia,4.4
2020,Malaysia,-5.5
2021,Malaysia,3.3
2022,Malaysia,8.7
2023,Malaysia,4.0
2024,Malaysia,4.3
2000,Maldives,4.8
2001,Maldives,3.5
2002,Maldives,6.1
2003,Maldives,25.4
2004,Maldives,6.0
2005,Maldives,-13.1
2006,Maldives,26.1
2007,Maldives,7.7
2008,Maldives,9.5
2009,Maldives,-7.2
2010,Maldives,7.3
2011,Maldives,8.6
2012,Maldives,2.5
2013,Maldives,7.3
2014,Maldives,7.3
2015,Maldives,2.9
2016,Maldives,6.3
2017,Maldives,7.2
2018,Maldives,8.1
2019,Maldives,6.9
2020,Maldives,-33.4
2021,Maldives,41.7
2022,Maldives,13.9
2023,Maldives,8.1
2024,Maldives,5.0
2000,Mali,-0.1
2001,Mali,15.4
2002,Mali,3.1
2003,Mali,9.1
2004,Mali,1.6
2005,Mali,6.5
2006,Mali,4.7
2007,Mali,3.5
2008,Mali,4.8
2009,Mali,4.7
2010,Mali,5.4
2011,Mali,3.2
2012,Mali,-0.8
2013,Mali,2.3
2014,Mali,7.1
2015,Mali,6.2
2016,Mali,5.9
2017,Mali,5.3
2018,Mali,4.7
2019,Mali,4.8
2020,Mali,-1.2
2021,Mali,3.1
2022,Mali,3.7
2023,Mali,4.5
2024,Mali,4.8
2000,Malta,-1.0
2001,Malta,-1.2
2002,Malta,2.6
2003,Malta,4.1
2004,Malta,0.1
2005,Malta,3.4
2006,Malta,2.5
2007,Malta,4.8
2008,Malta,3.8
2009,Malta,-1.1
2010,Malta,5.5
2011,Malta,0.5
2012,Malta,4.1
2013,Malta,5.5
2014,Malta,7.6
2015,Malta,9.6
2016,Malta,3.4
2017,Malta,10.9
2018,Malta,7.4
2019,Malta,7.1
2020,Malta,-8.1
2021,Malta,12.3
2022,Malta,6.9
2023,Malta,3.8
2024,Malta,3.3
2000,Marshall Islands,2.5
2001,Marshall Islands,6.9
2002,Marshall Islands,3.6
2003,Marshall Islands,-1.5
2004,Marshall Islands,-0.7
2005,Marshall Islands,1.8
2006,Marshall Islands,0.2
2007,Marshall Islands,3.4
2008,Marshall Islands,-7.6
2009,Marshall Islands,3.7
2010,Marshall Islands,5.4
2011,Marshall Islands,0.0
2012,Marshall Islands,-1.3
2013,Marshall Islands,3.6
2014,Marshall Islands,-1.2
2015,Marshall Islands,2.1
2016,Marshall Islands,2.1
2017,Marshall Islands,3.7
2018,Marshall Islands,5.7
2019,Marshall Islands,10.3
2020,Marshall Islands,-2.9
2021,Marshall Islands,1.0
2022,Marshall Islands,-4.5
2023,Marshall Islands,3.0
2024,Marshall Islands,3.0
2000,Mauritania,-3.9
2001,Mauritania,-0.8
2002,Mauritania,1.4
2003,Mauritania,6.9
2004,Mauritania,4.7
2005,Mauritania,8.6
2006,Mauritania,18.3
2007,Mauritania,-2.0
2008,Mauritania,-0.3
2009,Mauritania,0.1
2010,Mauritania,2.6
2011,Mauritania,4.2
2012,Mauritania,4.5
2013,Mauritania,4.2
2014,Mauritania,4.3
2015,Mauritania,5.4
2016,Mauritania,1.3
2017,Mauritania,6.3
2018,Mauritania,4.8
2019,Mauritania,5.4
2020,Mauritania,-0.9
2021,Mauritania,2.4
2022,Mauritania,6.5
2023,Mauritania,4.5
2024,Mauritania,5.3
2000,Mauritius,8.2
2001,Mauritius,3.2
2002,Mauritius,1.6
2003,Mauritius,6.0
2004,Mauritius,4.3
2005,Mauritius,1.5
2006,Mauritius,4.5
2007,Mauritius,5.7
2008,Mauritius,5.4
2009,Mauritius,3.3
2010,Mauritius,4.4
2011,Mauritius,4.1
2012,Mauritius,3.5
2013,Mauritius,3.4
2014,Mauritius,3.8
2015,Mauritius,3.7
2016,Mauritius,3.9
2017,Mauritius,3.9
2018,Mauritius,4.0
2019,Mauritius,2.9
2020,Mauritius,-14.6
2021,Mauritius,3.4
2022,Mauritius,8.7
2023,Mauritius,5.1
2024,Mauritius,3.8
2000,Mexico,5.0
2001,Mexico,-0.5
2002,Mexico,-0.2
2003,Mexico,1.2
2004,Mexico,3.6
2005,Mexico,2.1
2006,Mexico,4.8
2007,Mexico,2.1
2008,Mexico,0.9
2009,Mexico,-6.3
2010,Mexico,5.0
2011,Mexico,3.4
2012,Mexico,3.6
2013,Mexico,0.9
2014,Mexico,2.5
2015,Mexico,2.7
2016,Mexico,1.8
2017,Mexico,1.9
2018,Mexico,2.0
2019,Mexico,-0.3
2020,Mexico,-8.7
2021,Mexico,5.8
2022,Mexico,3.9
2023,Mexico,3.2
2024,Mexico,2.1
2000,"Micronesia, Fed. States of",4.9
2001,"Micronesia, Fed. States of",2.1
2002,"Micronesia, Fed. States of",0.6
2003,"Micronesia, Fed. States of",1.6
2004,"Micronesia, Fed. States of",-3.1
2005,"Micronesia, Fed. States of",2.0
2006,"Micronesia, Fed. States of",-0.1
2007,"Micronesia, Fed. States of",-1.8
2008,"Micronesia, Fed. States of",-2.4
2009,"Micronesia, Fed. States of",1.1
2010,"Micronesia, Fed. States of",2.3
2011,"Micronesia, Fed. States of",3.2
2012,"Micronesia, Fed. States of",-1.9
2013,"Micronesia, Fed. States of",-3.7
2014,"Micronesia, Fed. States of",-2.3
2015,"Micronesia, Fed. States of",4.6
2016,"Micronesia, Fed. States of",0.9
2017,"Micronesia, Fed. States of",2.7
2018,"Micronesia, Fed. States of",0.2
2019,"Micronesia, Fed. States of",1.2
2020,"Micronesia, Fed. States of",-2.8
2021,"Micronesia, Fed. States of",-2.2
2022,"Micronesia, Fed. States of",-0.6
2023,"Micronesia, Fed. States of",2.6
2024,"Micronesia, Fed. States of",3.1
2000,Moldova,2.1
2001,Moldova,6.1
2002,Moldova,7.8
2003,Moldova,6.6
2004,Moldova,7.4
2005,Moldova,7.5
2006,Moldova,4.8
2007,Moldova,3.0
2008,Moldova,7.8
2009,Moldova,-6.0
2010,Moldova,7.1
2011,Moldova,5.8
2012,Moldova,-0.6
2013,Moldova,9.0
2014,Moldova,5.0
2015,Moldova,-0.3
2016,Moldova,4.4
2017,Moldova,4.2
2018,Moldova,4.1
2019,Moldova,3.6
2020,Moldova,-8.3
2021,Moldova,13.9
2022,Moldova,-5.0
2023,Moldova,2.0
2024,Moldova,4.3
2000,Mongolia,1.1
2001,Mongolia,4.6
2002,Mongolia,5.3
2003,Mongolia,7.4
2004,Mongolia,9.4
2005,Mongolia,6.5
2006,Mongolia,8.2
2007,Mongolia,8.8
2008,Mongolia,7.8
2009,Mongolia,-2.1
2010,Mongolia,7.3
2011,Mongolia,17.3
2012,Mongolia,12.3
2013,Mongolia,11.6
2014,Mongolia,7.9
2015,Mongolia,2.4
2016,Mongolia,1.5
2017,Mongolia,5.6
2018,Mongolia,7.7
2019,Mongolia,5.6
2020,Mongolia,-4.6
2021,Mongolia,1.6
2022,Mongolia,5.0
2023,Mongolia,5.5
2024,Mongolia,4.5
2001,Montenegro,1.1
2002,Montenegro,1.9
2003,Montenegro,2.5
2004,Montenegro,4.4
2005,Montenegro,4.2
2006,Montenegro,8.6
2007,Montenegro,6.8
2008,Montenegro,7.2
2009,Montenegro,-5.8
2010,Montenegro,2.7
2011,Montenegro,3.2
2012,Montenegro,-2.7
2013,Montenegro,3.5
2014,Montenegro,1.8
2015,Montenegro,3.4
2016,Montenegro,2.9
2017,Montenegro,4.7
2018,Montenegro,5.1
2019,Montenegro,4.1
2020,Montenegro,-15.3
2021,Montenegro,13.0
2022,Montenegro,6.1
2023,Montenegro,4.5
2024,Montenegro,3.7
2000,Morocco,1.6
2001,Morocco,7.6
2002,Morocco,3.3
2003,Morocco,6.3
2004,Morocco,4.8
2005,Morocco,3.0
2006,Morocco,7.8
2007,Morocco,2.7
2008,Morocco,5.9
2009,Morocco,4.2
2010,Morocco,3.8
2011,Morocco,5.2
2012,Morocco,3.0
2013,Morocco,4.5
2014,Morocco,2.7
2015,Morocco,4.3
2016,Morocco,0.5
2017,Morocco,5.1
2018,Morocco,3.1
2019,Morocco,2.9
2020,Morocco,-7.2
2021,Morocco,8.0
2022,Morocco,1.3
2023,Morocco,2.4
2024,Morocco,3.6
2000,Mozambique,1.2
2001,Mozambique,12.1
2002,Mozambique,9.3
2003,Mozambique,6.9
2004,Mozambique,7.9
2005,Mozambique,6.6
2006,Mozambique,9.7
2007,Mozambique,7.7
2008,Mozambique,7.3
2009,Mozambique,6.3
2010,Mozambique,6.5
2011,Mozambique,7.4
2012,Mozambique,7.3
2013,Mozambique,7.0
2014,Mozambique,7.4
2015,Mozambique,6.7
2016,Mozambique,3.8
2017,Mozambique,3.7
2018,Mozambique,3.4
2019,Mozambique,2.3
2020,Mozambique,-1.2
2021,Mozambique,2.4
2022,Mozambique,4.2
2023,Mozambique,7.0
2024,Mozambique,5.0
2000,Myanmar,12.4
2001,Myanmar,12.5
2002,Myanmar,9.9
2003,Myanmar,13.2
2004,Myanmar,15.3
2005,Myanmar,13.6
2006,Myanmar,13.3
2007,Myanmar,12.5
2008,Myanmar,7.6
2009,Myanmar,4.4
2010,Myanmar,5.2
2011,Myanmar,5.5
2012,Myanmar,6.5
2013,Myanmar,7.9
2014,Myanmar,8.2
2015,Myanmar,7.5
2016,Myanmar,6.4
2017,Myanmar,5.8
2018,Myanmar,6.4
2019,Myanmar,6.8
2020,Myanmar,3.2
2021,Myanmar,-17.9
2022,Myanmar,2.0
2023,Myanmar,2.6
2024,Myanmar,2.6
2000,Namibia,3.5
2001,Namibia,2.4
2002,Namibia,6.7
2003,Namibia,3.5
2004,Namibia,6.6
2005,Namibia,4.7
2006,Namibia,3.9
2007,Namibia,3.6
2008,Namibia,2.6
2009,Namibia,0.3
2010,Namibia,6.0
2011,Namibia,5.1
2012,Namibia,5.1
2013,Namibia,5.6
2014,Namibia,6.1
2015,Namibia,4.3
2016,Namibia,0.0
2017,Namibia,-1.0
2018,Namibia,1.1
2019,Namibia,-0.8
2020,Namibia,-8.1
2021,Namibia,3.5
2022,Namibia,4.6
2023,Namibia,2.8
2024,Namibia,2.7
2005,Nauru,-8.0
2006,Nauru,-8.3
2007,Nauru,-6.8
2008,Nauru,63.3
2009,Nauru,-6.0
2010,Nauru,-0.3
2011,Nauru,9.3
2012,Nauru,30.6
2013,Nauru,5.0
2014,Nauru,14.7
2015,Nauru,-5.7
2016,Nauru,8.0
2017,Nauru,-5.9
2018,Nauru,7.2
2019,Nauru,9.1
2020,Nauru,4.1
2021,Nauru,2.9
2022,Nauru,1.9
2023,Nauru,0.5
2024,Nauru,1.3
2000,Nepal,6.1
2001,Nepal,5.6
2002,Nepal,0.1
2003,Nepal,3.9
2004,Nepal,4.7
2005,Nepal,3.5
2006,Nepal,3.4
2007,Nepal,3.4
2008,Nepal,6.1
2009,Nepal,4.5
2010,Nepal,4.8
2011,Nepal,3.4
2012,Nepal,4.7
2013,Nepal,3.5
2014,Nepal,6.0
2015,Nepal,4.0
2016,Nepal,0.4
2017,Nepal,9.0
2018,Nepal,7.6
2019,Nepal,6.7
2020,Nepal,-2.4
2021,Nepal,4.8
2022,Nepal,5.6
2023,Nepal,0.8
2024,Nepal,5.0
2000,Netherlands,4.2
2001,Netherlands,2.3
2002,Netherlands,0.2
2003,Netherlands,0.2
2004,Netherlands,2.0
2005,Netherlands,2.0
2006,Netherlands,3.5
2007,Netherlands,3.8
2008,Netherlands,2.2
2009,Netherlands,-3.7
2010,Netherlands,1.3
2011,Netherlands,1.5
2012,Netherlands,-1.0
2013,Netherlands,-0.1
2014,Netherlands,1.4
2015,Netherlands,2.0
2016,Netherlands,2.2
2017,Netherlands,2.9
2018,Netherlands,2.4
2019,Netherlands,2.0
2020,Netherlands,-3.9
2021,Netherlands,6.2
2022,Netherlands,4.3
2023,Netherlands,0.6
2024,Netherlands,1.1
2000,New Zealand,4.2
2001,New Zealand,2.5
2002,New Zealand,4.7
2003,New Zealand,4.4
2004,New Zealand,4.8
2005,New Zealand,3.2
2006,New Zealand,2.8
2007,New Zealand,3.5
2008,New Zealand,-0.3
2009,New Zealand,-1.1
2010,New Zealand,1.8
2011,New Zealand,1.8
2012,New Zealand,2.5
2013,New Zealand,2.3
2014,New Zealand,3.8
2015,New Zealand,3.7
2016,New Zealand,3.9
2017,New Zealand,3.5
2018,New Zealand,3.5
2019,New Zealand,3.1
2020,New Zealand,-1.5
2021,New Zealand,6.1
2022,New Zealand,2.7
2023,New Zealand,1.1
2024,New Zealand,1.0
2000,Nicaragua,4.1
2001,Nicaragua,3.0
2002,Nicaragua,0.8
2003,Nicaragua,2.5
2004,Nicaragua,5.4
2005,Nicaragua,4.2
2006,Nicaragua,3.8
2007,Nicaragua,5.1
2008,Nicaragua,3.4
2009,Nicaragua,-3.3
2010,Nicaragua,4.4
2011,Nicaragua,6.3
2012,Nicaragua,6.5
2013,Nicaragua,4.9
2014,Nicaragua,4.8
2015,Nicaragua,4.8
2016,Nicaragua,4.8
2017,Nicaragua,4.4
2018,Nicaragua,-3.4
2019,Nicaragua,-2.9
2020,Nicaragua,-1.8
2021,Nicaragua,10.3
2022,Nicaragua,3.8
2023,Nicaragua,3.0
2024,Nicaragua,3.3
2000,Niger,-1.2
2001,Niger,7.3
2002,Niger,4.9
2003,Niger,2.2
2004,Niger,0.4
2005,Niger,7.3
2006,Niger,5.9
2007,Niger,3.1
2008,Niger,7.7
2009,Niger,2.0
2010,Niger,8.6
2011,Niger,2.4
2012,Niger,10.5
2013,Niger,5.3
2014,Niger,6.6
2015,Niger,4.4
2016,Niger,5.7
2017,Niger,5.0
2018,Niger,7.0
2019,Niger,6.1
2020,Niger,3.5
2021,Niger,1.4
2022,Niger,11.9
2023,Niger,4.1
2024,Niger,11.1
2000,Nigeria,5.5
2001,Nigeria,6.7
2002,Nigeria,14.6
2003,Nigeria,9.5
2004,Nigeria,10.4
2005,Nigeria,7.0
2006,Nigeria,6.7
2007,Nigeria,7.3
2008,Nigeria,7.2
2009,Nigeria,8.4
2010,Nigeria,11.3
2011,Nigeria,4.9
2012,Nigeria,4.3
2013,Nigeria,5.4
2014,Nigeria,6.3
2015,Nigeria,2.7
2016,Nigeria,-1.6
2017,Nigeria,0.8
2018,Nigeria,1.9
2019,Nigeria,2.2
2020,Nigeria,-1.8
2021,Nigeria,3.6
2022,Nigeria,3.3
2023,Nigeria,2.9
2024,Nigeria,3.1
2000,North Macedonia ,4.5
2001,North Macedonia ,-3.1
2002,North Macedonia ,1.5
2003,North Macedonia ,2.2
2004,North Macedonia ,4.7
2005,North Macedonia ,4.7
2006,North Macedonia ,5.1
2007,North Macedonia ,6.5
2008,North Macedonia ,5.5
2009,North Macedonia ,-0.4
2010,North Macedonia ,3.4
2011,North Macedonia ,2.3
2012,North Macedonia ,-0.5
2013,North Macedonia ,2.9
2014,North Macedonia ,3.6
2015,North Macedonia ,3.9
2016,North Macedonia ,2.8
2017,North Macedonia ,1.1
2018,North Macedonia ,2.9
2019,North Macedonia ,3.9
2020,North Macedonia ,-4.7
2021,North Macedonia ,3.9
2022,North Macedonia ,2.1
2023,North Macedonia ,2.5
2024,North Macedonia ,3.2
2000,Norway,3.3
2001,Norway,2.1
2002,Norway,1.4
2003,Norway,0.9
2004,Norway,4.0
2005,Norway,2.7
2006,Norway,2.5
2007,Norway,2.9
2008,Norway,0.5
2009,Norway,-1.9
2010,Norway,0.8
2011,Norway,1.1
2012,Norway,2.7
2013,Norway,1.0
2014,Norway,2.0
2015,Norway,1.9
2016,Norway,1.2
2017,Norway,2.5
2018,Norway,0.8
2019,Norway,1.1
2020,Norway,-1.3
2021,Norway,3.9
2022,Norway,3.3
2023,Norway,2.3
2024,Norway,1.5
2000,Oman,6.2
2001,Oman,4.6
2002,Oman,-0.8
2003,Oman,-2.2
2004,Oman,2.0
2005,Oman,2.8
2006,Oman,4.7
2007,Oman,5.0
2008,Oman,9.0
2009,Oman,6.0
2010,Oman,2.5
2011,Oman,2.9
2012,Oman,8.9
2013,Oman,5.2
2014,Oman,1.3
2015,Oman,5.0
2016,Oman,5.0
2017,Oman,0.3
2018,Oman,1.3
2019,Oman,-1.1
2020,Oman,-3.4
2021,Oman,3.1
2022,Oman,4.3
2023,Oman,1.2
2024,Oman,2.7
2000,Pakistan,3.9
2001,Pakistan,3.6
2002,Pakistan,2.6
2003,Pakistan,5.2
2004,Pakistan,7.7
2005,Pakistan,8.0
2006,Pakistan,5.7
2007,Pakistan,5.1
2008,Pakistan,4.4
2009,Pakistan,1.1
2010,Pakistan,2.3
2011,Pakistan,3.2
2012,Pakistan,3.2
2013,Pakistan,3.9
2014,Pakistan,3.6
2015,Pakistan,3.8
2016,Pakistan,4.1
2017,Pakistan,4.6
2018,Pakistan,6.1
2019,Pakistan,3.1
2020,Pakistan,-0.9
2021,Pakistan,5.8
2022,Pakistan,6.1
2023,Pakistan,-0.5
2024,Pakistan,2.5
2001,Palau,6.5
2002,Palau,5.1
2003,Palau,-3.4
2004,Palau,4.1
2005,Palau,3.7
2006,Palau,0.0
2007,Palau,0.9
2008,Palau,-5.3
2009,Palau,-6.8
2010,Palau,-1.1
2011,Palau,4.1
2012,Palau,1.9
2013,Palau,-1.6
2014,Palau,4.4
2015,Palau,9.5
2016,Palau,1.5
2017,Palau,-3.5
2018,Palau,1.3
2019,Palau,1.4
2020,Palau,-7.0
2021,Palau,-13.4
2022,Palau,-2.0
2023,Palau,0.8
2024,Palau,12.4
2000,Panama,2.7
2001,Panama,0.6
2002,Panama,2.2
2003,Panama,4.2
2004,Panama,7.5
2005,Panama,7.2
2006,Panama,8.5
2007,Panama,12.1
2008,Panama,9.9
2009,Panama,1.2
2010,Panama,5.8
2011,Panama,11.3
2012,Panama,9.8
2013,Panama,6.9
2014,Panama,5.1
2015,Panama,5.7
2016,Panama,5.0
2017,Panama,5.6
2018,Panama,3.7
2019,Panama,3.3
2020,Panama,-17.7
2021,Panama,15.8
2022,Panama,10.8
2023,Panama,6.0
2024,Panama,4.0
2000,Papua New Guinea,-2.5
2001,Papua New Guinea,-0.1
2002,Papua New Guinea,-0.2
2003,Papua New Guinea,9.0
2004,Papua New Guinea,0.6
2005,Papua New Guinea,4.3
2006,Papua New Guinea,2.5
2007,Papua New Guinea,7.8
2008,Papua New Guinea,-0.3
2009,Papua New Guinea,6.8
2010,Papua New Guinea,10.1
2011,Papua New Guinea,1.1
2012,Papua New Guinea,4.7
2013,Papua New Guinea,3.8
2014,Papua New Guinea,13.5
2015,Papua New Guinea,6.6
2016,Papua New Guinea,5.5
2017,Papua New Guinea,3.5
2018,Papua New Guinea,-0.3
2019,Papua New Guinea,4.5
2020,Papua New Guinea,-3.2
2021,Papua New Guinea,0.1
2022,Papua New Guinea,4.3
2023,Papua New Guinea,3.0
2024,Papua New Guinea,5.0
2000,Paraguay,-2.3
2001,Paraguay,-0.8
2002,Paraguay,0.0
2003,Paraguay,4.3
2004,Paraguay,4.1
2005,Paraguay,2.1
2006,Paraguay,4.8
2007,Paraguay,5.4
2008,Paraguay,6.5
2009,Paraguay,-0.3
2010,Paraguay,11.1
2011,Paraguay,4.3
2012,Paraguay,-0.7
2013,Paraguay,8.3
2014,Paraguay,5.3
2015,Paraguay,3.0
2016,Paraguay,4.3
2017,Paraguay,4.8
2018,Paraguay,3.2
2019,Paraguay,-0.4
2020,Paraguay,-0.8
2021,Paraguay,4.0
2022,Paraguay,0.1
2023,Paraguay,4.5
2024,Paraguay,3.8
2000,Peru,2.7
2001,Peru,0.6
2002,Peru,5.5
2003,Peru,4.2
2004,Peru,5.0
2005,Peru,6.3
2006,Peru,7.5
2007,Peru,8.5
2008,Peru,9.1
2009,Peru,1.1
2010,Peru,8.3
2011,Peru,6.3
2012,Peru,6.1
2013,Peru,5.9
2014,Peru,2.4
2015,Peru,3.3
2016,Peru,4.0
2017,Peru,2.5
2018,Peru,4.0
2019,Peru,2.2
2020,Peru,-11.0
2021,Peru,13.3
2022,Peru,2.7
2023,Peru,1.1
2024,Peru,2.7
2000,Philippines,4.4
2001,Philippines,3.0
2002,Philippines,3.7
2003,Philippines,5.1
2004,Philippines,6.6
2005,Philippines,4.9
2006,Philippines,5.3
2007,Philippines,6.5
2008,Philippines,4.3
2009,Philippines,1.4
2010,Philippines,7.3
2011,Philippines,3.9
2012,Philippines,6.9
2013,Philippines,6.8
2014,Philippines,6.3
2015,Philippines,6.3
2016,Philippines,7.1
2017,Philippines,6.9
2018,Philippines,6.3
2019,Philippines,6.1
2020,Philippines,-9.5
2021,Philippines,5.7
2022,Philippines,7.6
2023,Philippines,5.3
2024,Philippines,5.9
2000,Poland,4.3
2001,Poland,1.2
2002,Poland,1.4
2003,Poland,3.5
2004,Poland,5.0
2005,Poland,3.5
2006,Poland,6.1
2007,Poland,7.1
2008,Poland,4.2
2009,Poland,2.8
2010,Poland,2.9
2011,Poland,5.0
2012,Poland,1.5
2013,Poland,0.9
2014,Poland,3.8
2015,Poland,4.4
2016,Poland,3.0
2017,Poland,5.1
2018,Poland,5.9
2019,Poland,4.4
2020,Poland,-2.0
2021,Poland,6.9
2022,Poland,5.1
2023,Poland,0.6
2024,Poland,2.3
2000,Portugal,3.8
2001,Portugal,1.9
2002,Portugal,0.8
2003,Portugal,-0.9
2004,Portugal,1.8
2005,Portugal,0.8
2006,Portugal,1.6
2007,Portugal,2.5
2008,Portugal,0.3
2009,Portugal,-3.1
2010,Portugal,1.7
2011,Portugal,-1.7
2012,Portugal,-4.1
2013,Portugal,-0.9
2014,Portugal,0.8
2015,Portugal,1.8
2016,Portugal,2.0
2017,Portugal,3.5
2018,Portugal,2.8
2019,Portugal,2.7
2020,Portugal,-8.3
2021,Portugal,5.5
2022,Portugal,6.7
2023,Portugal,2.3
2024,Portugal,1.5
2000,Puerto Rico,3.3
2001,Puerto Rico,9.5
2002,Puerto Rico,2.2
2003,Puerto Rico,2.3
2004,Puerto Rico,2.0
2005,Puerto Rico,-2.0
2006,Puerto Rico,-1.4
2007,Puerto Rico,-1.2
2008,Puerto Rico,-1.8
2009,Puerto Rico,-2.0
2010,Puerto Rico,-0.4
2011,Puerto Rico,-0.4
2012,Puerto Rico,0.0
2013,Puerto Rico,-0.3
2014,Puerto Rico,-1.2
2015,Puerto Rico,-1.0
2016,Puerto Rico,-1.3
2017,Puerto Rico,-2.9
2018,Puerto Rico,-4.4
2019,Puerto Rico,1.7
2020,Puerto Rico,-4.4
2021,Puerto Rico,0.2
2022,Puerto Rico,2.0
2023,Puerto Rico,-0.7
2024,Puerto Rico,-0.2
2000,Qatar,6.9
2001,Qatar,4.5
2002,Qatar,6.9
2003,Qatar,4.0
2004,Qatar,19.2
2005,Qatar,7.8
2006,Qatar,28.1
2007,Qatar,18.2
2008,Qatar,17.5
2009,Qatar,13.1
2010,Qatar,17.7
2011,Qatar,11.3
2012,Qatar,4.7
2013,Qatar,5.6
2014,Qatar,5.3
2015,Qatar,4.8
2016,Qatar,3.1
2017,Qatar,-1.5
2018,Qatar,1.2
2019,Qatar,0.7
2020,Qatar,-3.6
2021,Qatar,1.5
2022,Qatar,4.9
2023,Qatar,2.4
2024,Qatar,2.2
2000,Romania,2.9
2001,Romania,5.1
2002,Romania,5.7
2003,Romania,2.3
2004,Romania,10.3
2005,Romania,4.7
2006,Romania,8.0
2007,Romania,7.2
2008,Romania,9.4
2009,Romania,-5.6
2010,Romania,-3.9
2011,Romania,4.5
2012,Romania,1.9
2013,Romania,0.2
2014,Romania,4.1
2015,Romania,3.2
2016,Romania,2.9
2017,Romania,8.2
2018,Romania,6.0
2019,Romania,3.8
2020,Romania,-3.7
2021,Romania,5.9
2022,Romania,4.7
2023,Romania,2.2
2024,Romania,3.8
2000,Russian Federation,10.1
2001,Russian Federation,5.1
2002,Russian Federation,4.7
2003,Russian Federation,7.4
2004,Russian Federation,7.1
2005,Russian Federation,6.4
2006,Russian Federation,8.2
2007,Russian Federation,8.6
2008,Russian Federation,5.2
2009,Russian Federation,-7.8
2010,Russian Federation,4.5
2011,Russian Federation,3.9
2012,Russian Federation,4.0
2013,Russian Federation,1.8
2014,Russian Federation,0.7
2015,Russian Federation,-2.0
2016,Russian Federation,0.2
2017,Russian Federation,1.8
2018,Russian Federation,2.8
2019,Russian Federation,2.2
2020,Russian Federation,-2.7
2021,Russian Federation,5.6
2022,Russian Federation,-2.1
2023,Russian Federation,2.2
2024,Russian Federation,1.1
2000,Rwanda,8.4
2001,Rwanda,8.5
2002,Rwanda,13.2
2003,Rwanda,2.2
2004,Rwanda,7.4
2005,Rwanda,9.3
2006,Rwanda,9.2
2007,Rwanda,7.7
2008,Rwanda,11.2
2009,Rwanda,6.3
2010,Rwanda,7.3
2011,Rwanda,8.0
2012,Rwanda,8.6
2013,Rwanda,4.7
2014,Rwanda,6.2
2015,Rwanda,8.9
2016,Rwanda,6.0
2017,Rwanda,3.9
2018,Rwanda,8.5
2019,Rwanda,9.5
2020,Rwanda,-3.4
2021,Rwanda,10.9
2022,Rwanda,8.2
2023,Rwanda,6.2
2024,Rwanda,7.0
2000,Saint Kitts and Nevis,9.7
2001,Saint Kitts and Nevis,5.3
2002,Saint Kitts and Nevis,1.4
2003,Saint Kitts and Nevis,-3.9
2004,Saint Kitts and Nevis,4.0
2005,Saint Kitts and Nevis,9.7
2006,Saint Kitts and Nevis,3.2
2007,Saint Kitts and Nevis,0.6
2008,Saint Kitts and Nevis,11.2
2009,Saint Kitts and Nevis,-3.4
2010,Saint Kitts and Nevis,0.0
2011,Saint Kitts and Nevis,1.6
2012,Saint Kitts and Nevis,-0.5
2013,Saint Kitts and Nevis,5.7
2014,Saint Kitts and Nevis,7.6
2015,Saint Kitts and Nevis,0.7
2016,Saint Kitts and Nevis,3.9
2017,Saint Kitts and Nevis,0.0
2018,Saint Kitts and Nevis,2.1
2019,Saint Kitts and Nevis,4.1
2020,Saint Kitts and Nevis,-14.6
2021,Saint Kitts and Nevis,-0.9
2022,Saint Kitts and Nevis,8.8
2023,Saint Kitts and Nevis,4.9
2024,Saint Kitts and Nevis,3.8
2000,Saint Lucia,0.0
2001,Saint Lucia,-3.4
2002,Saint Lucia,0.4
2003,Saint Lucia,4.3
2004,Saint Lucia,7.3
2005,Saint Lucia,-0.4
2006,Saint Lucia,6.5
2007,Saint Lucia,1.9
2008,Saint Lucia,4.9
2009,Saint Lucia,-1.9
2010,Saint Lucia,0.5
2011,Saint Lucia,4.9
2012,Saint Lucia,-0.4
2013,Saint Lucia,-2.2
2014,Saint Lucia,1.3
2015,Saint Lucia,-0.2
2016,Saint Lucia,3.8
2017,Saint Lucia,3.4
2018,Saint Lucia,2.9
2019,Saint Lucia,-0.2
2020,Saint Lucia,-23.6
2021,Saint Lucia,11.3
2022,Saint Lucia,15.7
2023,Saint Lucia,3.2
2024,Saint Lucia,2.3
2000,Saint Vincent and the Grenadines,1.8
2001,Saint Vincent and the Grenadines,1.6
2002,Saint Vincent and the Grenadines,4.9
2003,Saint Vincent and the Grenadines,6.1
2004,Saint Vincent and the Grenadines,3.7
2005,Saint Vincent and the Grenadines,2.3
2006,Saint Vincent and the Grenadines,6.5
2007,Saint Vincent and the Grenadines,3.1
2008,Saint Vincent and the Grenadines,0.4
2009,Saint Vincent and the Grenadines,-1.2
2010,Saint Vincent and the Grenadines,-4.3
2011,Saint Vincent and the Grenadines,-0.6
2012,Saint Vincent and the Grenadines,1.1
2013,Saint Vincent and the Grenadines,2.5
2014,Saint Vincent and the Grenadines,1.1
2015,Saint Vincent and the Grenadines,2.8
2016,Saint Vincent and the Grenadines,4.1
2017,Saint Vincent and the Grenadines,1.5
2018,Saint Vincent and the Grenadines,3.2
2019,Saint Vincent and the Grenadines,0.7
2020,Saint Vincent and the Grenadines,-3.7
2021,Saint Vincent and the Grenadines,0.8
2022,Saint Vincent and the Grenadines,5.5
2023,Saint Vincent and the Grenadines,6.2
2024,Saint Vincent and the Grenadines,5.0
2000,Samoa,5.1
2001,Samoa,7.4
2002,Samoa,5.7
2003,Samoa,5.2
2004,Samoa,3.1
2005,Samoa,6.6
2006,Samoa,2.1
2007,Samoa,0.5
2008,Samoa,3.6
2009,Samoa,-0.5
2010,Samoa,2.5
2011,Samoa,3.8
2012,Samoa,-3.7
2013,Samoa,0.1
2014,Samoa,0.7
2015,Samoa,3.9
2016,Samoa,8.0
2017,Samoa,1.4
2018,Samoa,-0.6
2019,Samoa,4.5
2020,Samoa,-3.1
2021,Samoa,-7.1
2022,Samoa,-5.3
2023,Samoa,8.0
2024,Samoa,3.6
2000,San Marino,2.2
2001,San Marino,5.5
2002,San Marino,0.3
2003,San Marino,3.9
2004,San Marino,4.6
2005,San Marino,2.4
2006,San Marino,3.8
2007,San Marino,7.1
2008,San Marino,-0.4
2009,San Marino,-10.1
2010,San Marino,-5.8
2011,San Marino,-8.5
2012,San Marino,-7.2
2013,San Marino,-0.8
2014,San Marino,-0.6
2015,San Marino,2.7
2016,San Marino,2.3
2017,San Marino,0.3
2018,San Marino,1.5
2019,San Marino,2.0
2020,San Marino,-6.8
2021,San Marino,14.2
2022,San Marino,5.0
2023,San Marino,2.2
2024,San Marino,1.3
2000,Saudi Arabia,5.6
2001,Saudi Arabia,-1.2
2002,Saudi Arabia,-2.8
2003,Saudi Arabia,11.2
2004,Saudi Arabia,8.0
2005,Saudi Arabia,5.6
2006,Saudi Arabia,2.8
2007,Saudi Arabia,1.8
2008,Saudi Arabia,6.2
2009,Saudi Arabia,-2.1
2010,Saudi Arabia,5.0
2011,Saudi Arabia,11.0
2012,Saudi Arabia,5.4
2013,Saudi Arabia,2.9
2014,Saudi Arabia,4.0
2015,Saudi Arabia,4.7
2016,Saudi Arabia,2.4
2017,Saudi Arabia,-0.1
2018,Saudi Arabia,2.8
2019,Saudi Arabia,0.8
2020,Saudi Arabia,-4.3
2021,Saudi Arabia,3.9
2022,Saudi Arabia,8.7
2023,Saudi Arabia,0.8
2024,Saudi Arabia,4.0
2000,Senegal,3.9
2001,Senegal,4.3
2002,Senegal,0.1
2003,Senegal,5.6
2004,Senegal,4.6
2005,Senegal,4.3
2006,Senegal,2.3
2007,Senegal,2.8
2008,Senegal,3.7
2009,Senegal,2.8
2010,Senegal,3.4
2011,Senegal,1.3
2012,Senegal,4.0
2013,Senegal,2.4
2014,Senegal,6.2
2015,Senegal,6.4
2016,Senegal,6.4
2017,Senegal,7.4
2018,Senegal,6.2
2019,Senegal,4.6
2020,Senegal,1.3
2021,Senegal,6.5
2022,Senegal,4.0
2023,Senegal,4.1
2024,Senegal,8.8
2000,Serbia,6.1
2001,Serbia,6.9
2002,Serbia,6.4
2003,Serbia,4.4
2004,Serbia,9.0
2005,Serbia,5.5
2006,Serbia,5.1
2007,Serbia,6.4
2008,Serbia,5.7
2009,Serbia,-2.7
2010,Serbia,0.7
2011,Serbia,2.0
2012,Serbia,-0.7
2013,Serbia,2.9
2014,Serbia,-1.6
2015,Serbia,1.8
2016,Serbia,3.3
2017,Serbia,2.1
2018,Serbia,4.5
2019,Serbia,4.3
2020,Serbia,-0.9
2021,Serbia,7.5
2022,Serbia,2.3
2023,Serbia,2.0
2024,Serbia,3.0
2000,Seychelles,4.3
2001,Seychelles,-2.3
2002,Seychelles,1.2
2003,Seychelles,-5.9
2004,Seychelles,-2.9
2005,Seychelles,9.0
2006,Seychelles,9.4
2007,Seychelles,10.4
2008,Seychelles,-2.1
2009,Seychelles,-1.1
2010,Seychelles,6.3
2011,Seychelles,5.7
2012,Seychelles,3.8
2013,Seychelles,6.4
2014,Seychelles,4.7
2015,Seychelles,9.7
2016,Seychelles,12.7
2017,Seychelles,6.6
2018,Seychelles,6.2
2019,Seychelles,5.2
2020,Seychelles,-8.5
2021,Seychelles,2.5
2022,Seychelles,8.9
2023,Seychelles,4.2
2024,Seychelles,3.9
2000,Sierra Leone,3.8
2001,Sierra Leone,18.2
2002,Sierra Leone,26.4
2003,Sierra Leone,9.3
2004,Sierra Leone,6.6
2005,Sierra Leone,4.5
2006,Sierra Leone,4.2
2007,Sierra Leone,8.1
2008,Sierra Leone,5.4
2009,Sierra Leone,3.2
2010,Sierra Leone,5.3
2011,Sierra Leone,6.3
2012,Sierra Leone,15.2
2013,Sierra Leone,20.7
2014,Sierra Leone,4.6
2015,Sierra Leone,-20.5
2016,Sierra Leone,6.4
2017,Sierra Leone,3.8
2018,Sierra Leone,3.5
2019,Sierra Leone,5.3
2020,Sierra Leone,-2.0
2021,Sierra Leone,4.1
2022,Sierra Leone,4.0
2023,Sierra Leone,2.7
2024,Sierra Leone,4.7
2000,Singapore,9.0
2001,Singapore,-1.1
2002,Singapore,3.9
2003,Singapore,4.5
2004,Singapore,9.9
2005,Singapore,7.4
2006,Singapore,9.0
2007,Singapore,9.0
2008,Singapore,1.9
2009,Singapore,0.1
2010,Singapore,14.5
2011,Singapore,6.2
2012,Singapore,4.4
2013,Singapore,4.8
2014,Singapore,3.9
2015,Singapore,3.0
2016,Singapore,3.6
2017,Singapore,4.5
2018,Singapore,3.6
2019,Singapore,1.3
2020,Singapore,-3.9
2021,Singapore,8.9
2022,Singapore,3.6
2023,Singapore,1.0
2024,Singapore,2.1
2000,Slovak Republic,1.2
2001,Slovak Republic,3.3
2002,Slovak Republic,4.5
2003,Slovak Republic,5.5
2004,Slovak Republic,5.3
2005,Slovak Republic,6.6
2006,Slovak Republic,8.5
2007,Slovak Republic,10.8
2008,Slovak Republic,5.6
2009,Slovak Republic,-5.5
2010,Slovak Republic,6.7
2011,Slovak Republic,2.7
2012,Slovak Republic,1.3
2013,Slovak Republic,0.6
2014,Slovak Republic,2.7
2015,Slovak Republic,5.2
2016,Slovak Republic,1.9
2017,Slovak Republic,2.9
2018,Slovak Republic,4.0
2019,Slovak Republic,2.5
2020,Slovak Republic,-3.3
2021,Slovak Republic,4.9
2022,Slovak Republic,1.7
2023,Slovak Republic,1.3
2024,Slovak Republic,2.5
2000,Slovenia,3.7
2001,Slovenia,3.2
2002,Slovenia,3.5
2003,Slovenia,3.0
2004,Slovenia,4.4
2005,Slovenia,3.8
2006,Slovenia,5.7
2007,Slovenia,7.0
2008,Slovenia,3.5
2009,Slovenia,-7.5
2010,Slovenia,1.3
2011,Slovenia,0.9
2012,Slovenia,-2.6
2013,Slovenia,-1.0
2014,Slovenia,2.8
2015,Slovenia,2.2
2016,Slovenia,3.2
2017,Slovenia,4.8
2018,Slovenia,4.5
2019,Slovenia,3.5
2020,Slovenia,-4.2
2021,Slovenia,8.2
2022,Slovenia,2.5
2023,Slovenia,2.0
2024,Slovenia,2.2
2000,Solomon Islands,-14.3
2001,Solomon Islands,-8.0
2002,Solomon Islands,-2.8
2003,Solomon Islands,6.5
2004,Solomon Islands,6.7
2005,Solomon Islands,5.5
2006,Solomon Islands,4.9
2007,Solomon Islands,4.4
2008,Solomon Islands,5.8
2009,Solomon Islands,2.6
2010,Solomon Islands,8.6
2011,Solomon Islands,7.3
2012,Solomon Islands,1.4
2013,Solomon Islands,5.2
2014,Solomon Islands,1.2
2015,Solomon Islands,1.7
2016,Solomon Islands,5.6
2017,Solomon Islands,3.1
2018,Solomon Islands,2.7
2019,Solomon Islands,1.7
2020,Solomon Islands,-3.4
2021,Solomon Islands,-0.6
2022,Solomon Islands,-4.1
2023,Solomon Islands,2.5
2024,Solomon Islands,2.4
2012,Somalia,1.2
2013,Somalia,5.7
2014,Somalia,2.7
2015,Somalia,4.6
2016,Somalia,-1.3
2017,Somalia,9.5
2018,Somalia,3.0
2019,Somalia,3.6
2020,Somalia,-2.6
2021,Somalia,3.3
2022,Somalia,2.4
2023,Somalia,2.8
2024,Somalia,3.7
2000,South Africa,4.2
2001,South Africa,2.7
2002,South Africa,3.7
2003,South Africa,2.9
2004,South Africa,4.6
2005,South Africa,5.3
2006,South Africa,5.6
2007,South Africa,5.4
2008,South Africa,3.2
2009,South Africa,-1.5
2010,South Africa,3.0
2011,South Africa,3.2
2012,South Africa,2.4
2013,South Africa,2.5
2014,South Africa,1.4
2015,South Africa,1.3
2016,South Africa,0.7
2017,South Africa,1.2
2018,South Africa,1.6
2019,South Africa,0.3
2020,South Africa,-6.0
2021,South Africa,4.7
2022,South Africa,1.9
2023,South Africa,0.9
2024,South Africa,1.8
2012,"South Sudan, Republic of",-50.3
2013,"South Sudan, Republic of",27.3
2014,"South Sudan, Republic of",1.6
2015,"South Sudan, Republic of",-0.2
2016,"South Sudan, Republic of",-13.3
2017,"South Sudan, Republic of",-5.8
2018,"South Sudan, Republic of",-2.1
2019,"South Sudan, Republic of",0.9
2020,"South Sudan, Republic of",-6.5
2021,"South Sudan, Republic of",5.3
2022,"South Sudan, Republic of",0.5
2023,"South Sudan, Republic of",3.5
2024,"South Sudan, Republic of",4.2
2000,Spain,5.1
2001,Spain,3.9
2002,Spain,2.7
2003,Spain,3.0
2004,Spain,3.1
2005,Spain,3.7
2006,Spain,4.1
2007,Spain,3.6
2008,Spain,0.9
2009,Spain,-3.8
2010,Spain,0.2
2011,Spain,-0.8
2012,Spain,-3.0
2013,Spain,-1.4
2014,Spain,1.4
2015,Spain,3.8
2016,Spain,3.0
2017,Spain,3.0
2018,Spain,2.3
2019,Spain,2.0
2020,Spain,-11.2
2021,Spain,6.4
2022,Spain,5.8
2023,Spain,2.5
2024,Spain,1.7
2000,Sri Lanka,8.4
2001,Sri Lanka,-1.9
2002,Sri Lanka,3.7
2003,Sri Lanka,5.9
2004,Sri Lanka,5.4
2005,Sri Lanka,6.2
2006,Sri Lanka,7.7
2007,Sri Lanka,6.8
2008,Sri Lanka,6.0
2009,Sri Lanka,3.5
2010,Sri Lanka,8.0
2011,Sri Lanka,8.7
2012,Sri Lanka,8.6
2013,Sri Lanka,4.1
2014,Sri Lanka,6.4
2015,Sri Lanka,4.2
2016,Sri Lanka,5.1
2017,Sri Lanka,6.5
2018,Sri Lanka,2.3
2019,Sri Lanka,-0.2
2020,Sri Lanka,-4.6
2021,Sri Lanka,3.5
2022,Sri Lanka,-7.8
2000,Sudan,8.4
2001,Sudan,10.9
2002,Sudan,5.9
2003,Sudan,6.3
2004,Sudan,5.1
2005,Sudan,5.6
2006,Sudan,6.5
2007,Sudan,5.7
2008,Sudan,3.8
2009,Sudan,-2.8
2010,Sudan,3.9
2011,Sudan,-3.2
2012,Sudan,-17.0
2013,Sudan,2.0
2014,Sudan,4.7
2015,Sudan,4.9
2016,Sudan,4.7
2017,Sudan,0.8
2018,Sudan,-2.3
2019,Sudan,-2.5
2020,Sudan,-3.6
2021,Sudan,0.5
2022,Sudan,-2.5
2023,Sudan,-18.3
2024,Sudan,0.3
2000,Suriname,-0.1
2001,Suriname,4.9
2002,Suriname,3.7
2003,Suriname,6.2
2004,Suriname,7.3
2005,Suriname,4.9
2006,Suriname,5.8
2007,Suriname,5.1
2008,Suriname,4.1
2009,Suriname,3.0
2010,Suriname,5.2
2011,Suriname,5.8
2012,Suriname,2.7
2013,Suriname,2.9
2014,Suriname,0.3
2015,Suriname,-3.4
2016,Suriname,-4.9
2017,Suriname,1.6
2018,Suriname,4.9
2019,Suriname,1.1
2020,Suriname,-15.9
2021,Suriname,-2.7
2022,Suriname,1.0
2023,Suriname,2.1
2024,Suriname,3.0
2000,Sweden,4.8
2001,Sweden,1.4
2002,Sweden,2.2
2003,Sweden,2.3
2004,Sweden,4.3
2005,Sweden,2.9
2006,Sweden,4.7
2007,Sweden,3.4
2008,Sweden,-0.5
2009,Sweden,-4.3
2010,Sweden,6.0
2011,Sweden,3.2
2012,Sweden,-0.6
2013,Sweden,1.2
2014,Sweden,2.7
2015,Sweden,4.5
2016,Sweden,2.1
2017,Sweden,2.6
2018,Sweden,2.0
2019,Sweden,2.0
2020,Sweden,-2.2
2021,Sweden,6.1
2022,Sweden,2.8
2023,Sweden,-0.7
2024,Sweden,0.6
2000,Switzerland,4.1
2001,Switzerland,1.6
2002,Switzerland,-0.1
2003,Switzerland,-0.1
2004,Switzerland,2.5
2005,Switzerland,2.8
2006,Switzerland,4.2
2007,Switzerland,3.9
2008,Switzerland,2.7
2009,Switzerland,-2.3
2010,Switzerland,3.2
2011,Switzerland,1.9
2012,Switzerland,1.2
2013,Switzerland,1.8
2014,Switzerland,2.3
2015,Switzerland,1.6
2016,Switzerland,2.1
2017,Switzerland,1.4
2018,Switzerland,2.9
2019,Switzerland,1.2
2020,Switzerland,-2.3
2021,Switzerland,5.4
2022,Switzerland,2.7
2023,Switzerland,0.9
2024,Switzerland,1.8
2000,Syria,2.3
2001,Syria,3.7
2002,Syria,5.9
2003,Syria,-2.0
2004,Syria,6.9
2005,Syria,6.2
2006,Syria,5.0
2007,Syria,5.7
2008,Syria,4.5
2009,Syria,5.9
2010,Syria,3.4
2000,São Tomé and Príncipe,0.4
2001,São Tomé and Príncipe,2.4
2002,São Tomé and Príncipe,2.4
2003,São Tomé and Príncipe,6.6
2004,São Tomé and Príncipe,3.8
2005,São Tomé and Príncipe,7.1
2006,São Tomé and Príncipe,9.1
2007,São Tomé and Príncipe,3.3
2008,São Tomé and Príncipe,8.2
2009,São Tomé and Príncipe,3.3
2010,São Tomé and Príncipe,1.4
2011,São Tomé and Príncipe,2.0
2012,São Tomé and Príncipe,2.9
2013,São Tomé and Príncipe,5.1
2014,São Tomé and Príncipe,4.9
2015,São Tomé and Príncipe,1.5
2016,São Tomé and Príncipe,5.2
2017,São Tomé and Príncipe,4.1
2018,São Tomé and Príncipe,4.4
2019,São Tomé and Príncipe,2.0
2020,São Tomé and Príncipe,2.6
2021,São Tomé and Príncipe,1.9
2022,São Tomé and Príncipe,0.1
2023,São Tomé and Príncipe,0.5
2024,São Tomé and Príncipe,2.4
2000,Taiwan Province of China,6.3
2001,Taiwan Province of China,-1.4
2002,Taiwan Province of China,5.5
2003,Taiwan Province of China,4.2
2004,Taiwan Province of China,7.0
2005,Taiwan Province of China,5.4
2006,Taiwan Province of China,5.8
2007,Taiwan Province of China,6.9
2008,Taiwan Province of China,0.8
2009,Taiwan Province of China,-1.6
2010,Taiwan Province of China,10.2
2011,Taiwan Province of China,3.7
2012,Taiwan Province of China,2.2
2013,Taiwan Province of China,2.5
2014,Taiwan Province of China,4.7
2015,Taiwan Province of China,1.5
2016,Taiwan Province of China,2.2
2017,Taiwan Province of China,3.3
2018,Taiwan Province of China,2.8
2019,Taiwan Province of China,3.1
2020,Taiwan Province of China,3.4
2021,Taiwan Province of China,6.5
2022,Taiwan Province of China,2.4
2023,Taiwan Province of China,0.8
2024,Taiwan Province of China,3.0
2000,Tajikistan,8.3
2001,Tajikistan,10.2
2002,Tajikistan,9.1
2003,Tajikistan,10.2
2004,Tajikistan,10.6
2005,Tajikistan,6.7
2006,Tajikistan,7.0
2007,Tajikistan,7.8
2008,Tajikistan,7.9
2009,Tajikistan,3.9
2010,Tajikistan,6.5
2011,Tajikistan,7.4
2012,Tajikistan,7.5
2013,Tajikistan,7.4
2014,Tajikistan,6.7
2015,Tajikistan,6.0
2016,Tajikistan,6.9
2017,Tajikistan,7.1
2018,Tajikistan,7.6
2019,Tajikistan,7.4
2020,Tajikistan,4.4
2021,Tajikistan,9.4
2022,Tajikistan,8.0
2023,Tajikistan,6.5
2024,Tajikistan,5.0
2000,Tanzania,4.9
2001,Tanzania,6.0
2002,Tanzania,7.2
2003,Tanzania,6.9
2004,Tanzania,7.8
2005,Tanzania,7.4
2006,Tanzania,4.7
2007,Tanzania,8.5
2008,Tanzania,5.6
2009,Tanzania,5.4
2010,Tanzania,6.4
2011,Tanzania,7.9
2012,Tanzania,5.1
2013,Tanzania,6.8
2014,Tanzania,6.7
2015,Tanzania,6.2
2016,Tanzania,6.9
2017,Tanzania,6.8
2018,Tanzania,7.0
2019,Tanzania,7.0
2020,Tanzania,4.8
2021,Tanzania,4.9
2022,Tanzania,4.7
2023,Tanzania,5.2
2024,Tanzania,6.1
2000,Thailand,4.5
2001,Thailand,3.4
2002,Thailand,6.1
2003,Thailand,7.2
2004,Thailand,6.3
2005,Thailand,4.2
2006,Thailand,5.0
2007,Thailand,5.4
2008,Thailand,1.7
2009,Thailand,-0.7
2010,Thailand,7.5
2011,Thailand,0.8
2012,Thailand,7.2
2013,Thailand,2.7
2014,Thailand,1.0
2015,Thailand,3.1
2016,Thailand,3.4
2017,Thailand,4.2
2018,Thailand,4.2
2019,Thailand,2.1
2020,Thailand,-6.1
2021,Thailand,1.5
2022,Thailand,2.6
2023,Thailand,2.7
2024,Thailand,3.2
2001,Timor-Leste,16.3
2002,Timor-Leste,-6.7
2003,Timor-Leste,-2.2
2004,Timor-Leste,0.4
2005,Timor-Leste,3.0
2006,Timor-Leste,-4.1
2007,Timor-Leste,10.3
2008,Timor-Leste,11.4
2009,Timor-Leste,10.1
2010,Timor-Leste,9.3
2011,Timor-Leste,6.0
2012,Timor-Leste,4.9
2013,Timor-Leste,3.1
2014,Timor-Leste,4.5
2015,Timor-Leste,2.8
2016,Timor-Leste,3.4
2017,Timor-Leste,-3.1
2018,Timor-Leste,-0.7
2019,Timor-Leste,2.1
2020,Timor-Leste,-8.3
2021,Timor-Leste,2.9
2022,Timor-Leste,3.9
2023,Timor-Leste,1.5
2024,Timor-Leste,3.1
2000,Togo,-1.0
2001,Togo,0.8
2002,Togo,3.8
2003,Togo,6.7
2004,Togo,-1.0
2005,Togo,-4.7
2006,Togo,2.7
2007,Togo,1.2
2008,Togo,4.0
2009,Togo,5.5
2010,Togo,5.9
2011,Togo,5.8
2012,Togo,6.3
2013,Togo,5.8
2014,Togo,5.6
2015,Togo,5.5
2016,Togo,5.7
2017,Togo,4.0
2018,Togo,4.8
2019,Togo,4.9
2020,Togo,2.0
2021,Togo,6.0
2022,Togo,5.8
2023,Togo,5.4
2024,Togo,5.3
2000,Tonga,3.8
2001,Tonga,1.5
2002,Tonga,4.5
2003,Tonga,0.1
2004,Tonga,-1.9
2005,Tonga,-0.4
2006,Tonga,-2.2
2007,Tonga,-2.5
2008,Tonga,4.8
2009,Tonga,-5.2
2010,Tonga,0.8
2011,Tonga,6.8
2012,Tonga,0.8
2013,Tonga,0.3
2014,Tonga,2.0
2015,Tonga,1.2
2016,Tonga,6.6
2017,Tonga,3.3
2018,Tonga,0.2
2019,Tonga,0.7
2020,Tonga,0.5
2021,Tonga,-2.7
2022,Tonga,-2.0
2023,Tonga,2.6
2024,Tonga,2.5
2000,Trinidad and Tobago,6.9
2001,Trinidad and Tobago,3.7
2002,Trinidad and Tobago,7.2
2003,Trinidad and Tobago,13.9
2004,Trinidad and Tobago,7.3
2005,Trinidad and Tobago,5.9
2006,Trinidad and Tobago,14.2
2007,Trinidad and Tobago,4.3
2008,Trinidad and Tobago,3.3
2009,Trinidad and Tobago,-4.8
2010,Trinidad and Tobago,3.5
2011,Trinidad and Tobago,-0.2
2012,Trinidad and Tobago,3.5
2013,Trinidad and Tobago,3.5
2014,Trinidad and Tobago,3.9
2015,Trinidad and Tobago,1.0
2016,Trinidad and Tobago,-7.5
2017,Trinidad and Tobago,-4.8
2018,Trinidad and Tobago,-0.6
2019,Trinidad and Tobago,0.4
2020,Trinidad and Tobago,-9.1
2021,Trinidad and Tobago,-1.0
2022,Trinidad and Tobago,1.5
2023,Trinidad and Tobago,2.5
2024,Trinidad and Tobago,2.2
2000,Tunisia,4.3
2001,Tunisia,3.8
2002,Tunisia,1.3
2003,Tunisia,4.7
2004,Tunisia,6.2
2005,Tunisia,3.5
2006,Tunisia,5.2
2007,Tunisia,6.7
2008,Tunisia,4.2
2009,Tunisia,3.0
2010,Tunisia,3.5
2011,Tunisia,-2.0
2012,Tunisia,4.2
2013,Tunisia,2.4
2014,Tunisia,3.1
2015,Tunisia,1.0
2016,Tunisia,1.1
2017,Tunisia,2.2
2018,Tunisia,2.6
2019,Tunisia,1.6
2020,Tunisia,-8.8
2021,Tunisia,4.4
2022,Tunisia,2.5
2023,Tunisia,1.3
2024,Tunisia,1.9
2000,Turkmenistan,18.6
2001,Turkmenistan,20.4
2002,Turkmenistan,15.8
2003,Turkmenistan,17.1
2004,Turkmenistan,14.7
2005,Turkmenistan,13.0
2006,Turkmenistan,11.0
2007,Turkmenistan,11.1
2008,Turkmenistan,14.7
2009,Turkmenistan,6.1
2010,Turkmenistan,16.2
2011,Turkmenistan,12.9
2012,Turkmenistan,6.1
2013,Turkmenistan,-0.3
2014,Turkmenistan,3.8
2015,Turkmenistan,3.0
2016,Turkmenistan,-1.0
2017,Turkmenistan,4.7
2018,Turkmenistan,0.9
2019,Turkmenistan,-3.4
2020,Turkmenistan,-2.9
2021,Turkmenistan,4.6
2022,Turkmenistan,1.6
2023,Turkmenistan,2.5
2024,Turkmenistan,2.1
2001,Tuvalu,0.7
2002,Tuvalu,8.3
2003,Tuvalu,-4.4
2004,Tuvalu,-1.9
2005,Tuvalu,-3.7
2006,Tuvalu,1.3
2007,Tuvalu,6.9
2008,Tuvalu,6.6
2009,Tuvalu,-5.6
2010,Tuvalu,-2.5
2011,Tuvalu,7.5
2012,Tuvalu,-2.9
2013,Tuvalu,3.8
2014,Tuvalu,1.7
2015,Tuvalu,9.4
2016,Tuvalu,4.7
2017,Tuvalu,3.3
2018,Tuvalu,1.4
2019,Tuvalu,13.8
2020,Tuvalu,-4.3
2021,Tuvalu,1.8
2022,Tuvalu,0.7
2023,Tuvalu,3.9
2024,Tuvalu,3.5
2000,"Türkiye, Republic of",6.9
2001,"Türkiye, Republic of",-5.8
2002,"Türkiye, Republic of",6.4
2003,"Türkiye, Republic of",5.8
2004,"Türkiye, Republic of",9.8
2005,"Türkiye, Republic of",9.0
2006,"Türkiye, Republic of",6.9
2007,"Türkiye, Republic of",5.0
2008,"Türkiye, Republic of",0.8
2009,"Türkiye, Republic of",-4.8
2010,"Türkiye, Republic of",8.4
2011,"Türkiye, Republic of",11.2
2012,"Türkiye, Republic of",4.8
2013,"Türkiye, Republic of",8.5
2014,"Türkiye, Republic of",4.9
2015,"Türkiye, Republic of",6.1
2016,"Türkiye, Republic of",3.3
2017,"Türkiye, Republic of",7.5
2018,"Türkiye, Republic of",3.0
2019,"Türkiye, Republic of",0.8
2020,"Türkiye, Republic of",1.9
2021,"Türkiye, Republic of",11.4
2022,"Türkiye, Republic of",5.5
2023,"Türkiye, Republic of",4.0
2024,"Türkiye, Republic of",3.0
2000,Uganda,3.9
2001,Uganda,8.8
2002,Uganda,7.1
2003,Uganda,6.2
2004,Uganda,5.8
2005,Uganda,10.0
2006,Uganda,7.0
2007,Uganda,8.1
2008,Uganda,10.4
2009,Uganda,8.1
2010,Uganda,7.5
2011,Uganda,7.7
2012,Uganda,2.3
2013,Uganda,3.9
2014,Uganda,5.7
2015,Uganda,8.0
2016,Uganda,0.2
2017,Uganda,6.8
2018,Uganda,5.6
2019,Uganda,7.6
2020,Uganda,-1.2
2021,Uganda,5.7
2022,Uganda,6.4
2023,Uganda,4.6
2024,Uganda,5.7
2000,Ukraine,5.9
2001,Ukraine,8.8
2002,Ukraine,5.3
2003,Ukraine,9.5
2004,Ukraine,11.8
2005,Ukraine,3.1
2006,Ukraine,7.6
2007,Ukraine,8.2
2008,Ukraine,2.2
2009,Ukraine,-15.1
2010,Ukraine,4.1
2011,Ukraine,5.5
2012,Ukraine,0.2
2013,Ukraine,0.0
2014,Ukraine,-6.6
2015,Ukraine,-9.8
2016,Ukraine,2.4
2017,Ukraine,2.4
2018,Ukraine,3.5
2019,Ukraine,3.2
2020,Ukraine,-3.8
2021,Ukraine,3.4
2022,Ukraine,-29.1
2023,Ukraine,2.0
2024,Ukraine,3.2
2000,United Arab Emirates,12.3
2001,United Arab Emirates,1.4
2002,United Arab Emirates,2.4
2003,United Arab Emirates,8.8
2004,United Arab Emirates,9.6
2005,United Arab Emirates,4.9
2006,United Arab Emirates,9.8
2007,United Arab Emirates,3.2
2008,United Arab Emirates,3.2
2009,United Arab Emirates,-5.2
2010,United Arab Emirates,5.3
2011,United Arab Emirates,6.2
2012,United Arab Emirates,1.8
2013,United Arab Emirates,5.1
2014,United Arab Emirates,4.2
2015,United Arab Emirates,6.8
2016,United Arab Emirates,5.6
2017,United Arab Emirates,0.7
2018,United Arab Emirates,1.3
2019,United Arab Emirates,1.1
2020,United Arab Emirates,-5.0
2021,United Arab Emirates,4.4
2022,United Arab Emirates,7.9
2023,United Arab Emirates,3.4
2024,United Arab Emirates,4.0
2000,United Kingdom,4.1
2001,United Kingdom,2.2
2002,United Kingdom,1.8
2003,United Kingdom,3.1
2004,United Kingdom,2.3
2005,United Kingdom,2.7
2006,United Kingdom,2.2
2007,United Kingdom,2.6
2008,United Kingdom,-0.2
2009,United Kingdom,-4.5
2010,United Kingdom,2.4
2011,United Kingdom,1.1
2012,United Kingdom,1.4
2013,United Kingdom,1.8
2014,United Kingdom,3.2
2015,United Kingdom,2.4
2016,United Kingdom,2.2
2017,United Kingdom,2.4
2018,United Kingdom,1.7
2019,United Kingdom,1.6
2020,United Kingdom,-11.0
2021,United Kingdom,7.6
2022,United Kingdom,4.1
2023,United Kingdom,0.5
2024,United Kingdom,0.6
2000,United States,4.1
2001,United States,1.0
2002,United States,1.7
2003,United States,2.8
2004,United States,3.9
2005,United States,3.5
2006,United States,2.8
2007,United States,2.0
2008,United States,0.1
2009,United States,-2.6
2010,United States,2.7
2011,United States,1.5
2012,United States,2.3
2013,United States,1.8
2014,United States,2.3
2015,United States,2.7
2016,United States,1.7
2017,United States,2.2
2018,United States,2.9
2019,United States,2.3
2020,United States,-2.8
2021,United States,5.9
2022,United States,2.1
2023,United States,2.1
2024,United States,1.5
2000,Uruguay,-1.9
2001,Uruguay,-3.8
2002,Uruguay,-7.7
2003,Uruguay,0.8
2004,Uruguay,5.0
2005,Uruguay,7.5
2006,Uruguay,4.1
2007,Uruguay,6.5
2008,Uruguay,7.2
2009,Uruguay,4.2
2010,Uruguay,7.8
2011,Uruguay,5.2
2012,Uruguay,3.5
2013,Uruguay,4.6
2014,Uruguay,3.2
2015,Uruguay,0.4
2016,Uruguay,1.7
2017,Uruguay,1.7
2018,Uruguay,0.2
2019,Uruguay,0.7
2020,Uruguay,-6.3
2021,Uruguay,5.3
2022,Uruguay,4.9
2023,Uruguay,1.0
2024,Uruguay,3.2
2000,Uzbekistan,3.8
2001,Uzbekistan,4.2
2002,Uzbekistan,4.0
2003,Uzbekistan,4.2
2004,Uzbekistan,7.4
2005,Uzbekistan,7.0
2006,Uzbekistan,7.5
2007,Uzbekistan,9.5
2008,Uzbekistan,9.0
2009,Uzbekistan,8.1
2010,Uzbekistan,7.1
2011,Uzbekistan,7.5
2012,Uzbekistan,7.1
2013,Uzbekistan,7.3
2014,Uzbekistan,6.9
2015,Uzbekistan,7.2
2016,Uzbekistan,5.9
2017,Uzbekistan,4.4
2018,Uzbekistan,5.9
2019,Uzbekistan,6.0
2020,Uzbekistan,2.0
2021,Uzbekistan,7.4
2022,Uzbekistan,5.7
2023,Uzbekistan,5.5
2024,Uzbekistan,5.5
2000,Vanuatu,5.9
2001,Vanuatu,-3.4
2002,Vanuatu,-5.2
2003,Vanuatu,4.3
2004,Vanuatu,4.0
2005,Vanuatu,5.3
2006,Vanuatu,8.5
2007,Vanuatu,2.9
2008,Vanuatu,5.6
2009,Vanuatu,3.0
2010,Vanuatu,1.3
2011,Vanuatu,3.1
2012,Vanuatu,1.0
2013,Vanuatu,0.5
2014,Vanuatu,3.1
2015,Vanuatu,0.4
2016,Vanuatu,4.7
2017,Vanuatu,6.3
2018,Vanuatu,2.9
2019,Vanuatu,3.2
2020,Vanuatu,-5.0
2021,Vanuatu,0.6
2022,Vanuatu,1.9
2023,Vanuatu,1.5
2024,Vanuatu,2.6
2000,Venezuela,3.7
2001,Venezuela,3.4
2002,Venezuela,-8.9
2003,Venezuela,-7.8
2004,Venezuela,18.3
2005,Venezuela,10.3
2006,Venezuela,9.9
2007,Venezuela,8.8
2008,Venezuela,5.3
2009,Venezuela,-3.2
2010,Venezuela,-1.5
2011,Venezuela,4.2
2012,Venezuela,5.6
2013,Venezuela,1.3
2014,Venezuela,-3.9
2015,Venezuela,-6.2
2016,Venezuela,-17.0
2017,Venezuela,-15.7
2018,Venezuela,-19.7
2019,Venezuela,-27.7
2020,Venezuela,-30.0
2021,Venezuela,1.0
2022,Venezuela,8.0
2023,Venezuela,4.0
2024,Venezuela,4.5
2000,Vietnam,6.8
2001,Vietnam,6.9
2002,Vietnam,7.1
2003,Vietnam,7.3
2004,Vietnam,7.8
2005,Vietnam,7.5
2006,Vietnam,7.0
2007,Vietnam,7.1
2008,Vietnam,5.7
2009,Vietnam,5.4
2010,Vietnam,6.4
2011,Vietnam,6.4
2012,Vietnam,5.5
2013,Vietnam,5.6
2014,Vietnam,6.4
2015,Vietnam,7.0
2016,Vietnam,6.7
2017,Vietnam,6.9
2018,Vietnam,7.5
2019,Vietnam,7.4
2020,Vietnam,2.9
2021,Vietnam,2.6
2022,Vietnam,8.0
2023,Vietnam,4.7
2024,Vietnam,5.8
2000,West Bank and Gaza,-8.6
2001,West Bank and Gaza,-9.3
2002,West Bank and Gaza,-12.5
2003,West Bank and Gaza,14.0
2004,West Bank and Gaza,21.9
2005,West Bank and Gaza,11.3
2006,West Bank and Gaza,-1.0
2007,West Bank and Gaza,3.8
2008,West Bank and Gaza,7.4
2009,West Bank and Gaza,8.6
2010,West Bank and Gaza,5.8
2011,West Bank and Gaza,9.6
2012,West Bank and Gaza,6.1
2013,West Bank and Gaza,4.7
2014,West Bank and Gaza,-0.2
2015,West Bank and Gaza,3.7
2016,West Bank and Gaza,8.9
2017,West Bank and Gaza,1.4
2018,West Bank and Gaza,1.2
2019,West Bank and Gaza,1.4
2020,West Bank and Gaza,-11.3
2021,West Bank and Gaza,7.0
2022,West Bank and Gaza,3.9
2023,West Bank and Gaza,3.0
2024,West Bank and Gaza,2.7
2000,Yemen,6.2
2001,Yemen,3.8
2002,Yemen,3.9
2003,Yemen,3.7
2004,Yemen,4.0
2005,Yemen,5.6
2006,Yemen,3.2
2007,Yemen,3.3
2008,Yemen,3.6
2009,Yemen,3.9
2010,Yemen,7.7
2011,Yemen,-12.7
2012,Yemen,2.4
2013,Yemen,4.8
2014,Yemen,-0.2
2015,Yemen,-28.0
2016,Yemen,-9.4
2017,Yemen,-5.1
2018,Yemen,0.8
2019,Yemen,2.1
2020,Yemen,-8.5
2021,Yemen,-1.0
2022,Yemen,1.5
2023,Yemen,-0.5
2024,Yemen,2.0
2000,Zambia,3.9
2001,Zambia,5.3
2002,Zambia,4.5
2003,Zambia,6.9
2004,Zambia,7.0
2005,Zambia,7.2
2006,Zambia,7.9
2007,Zambia,8.4
2008,Zambia,7.8
2009,Zambia,9.2
2010,Zambia,10.3
2011,Zambia,5.6
2012,Zambia,7.6
2013,Zambia,5.1
2014,Zambia,4.7
2015,Zambia,2.9
2016,Zambia,3.8
2017,Zambia,3.5
2018,Zambia,4.0
2019,Zambia,1.4
2020,Zambia,-2.8
2021,Zambia,4.6
2022,Zambia,4.7
2023,Zambia,3.6
2024,Zambia,4.3
2000,Zimbabwe,-4.2
2001,Zimbabwe,-0.5
2002,Zimbabwe,-7.7
2003,Zimbabwe,-16.2
2004,Zimbabwe,-6.3
2005,Zimbabwe,-7.4
2006,Zimbabwe,-3.6
2007,Zimbabwe,-3.4
2008,Zimbabwe,-16.3
2009,Zimbabwe,7.4
2010,Zimbabwe,19.7
2011,Zimbabwe,14.2
2012,Zimbabwe,16.7
2013,Zimbabwe,2.0
2014,Zimbabwe,2.4
2015,Zimbabwe,1.8
2016,Zimbabwe,0.8
2017,Zimbabwe,5.2
2018,Zimbabwe,5.0
2019,Zimbabwe,-6.3
2020,Zimbabwe,-7.8
2021,Zimbabwe,8.4
2022,Zimbabwe,6.2
2023,Zimbabwe,4.1
2024,Zimbabwe,3.6
